id,imageName
1024,Hand_0002790.jpg
1597,Hand_0007928.jpg
1051,Hand_0007022.jpg
1060,Hand_0011027.jpg
588,Hand_0005865.jpg
1059,Hand_0005208.jpg
1579,Hand_0001948.jpg
1033,Hand_0004556.jpg
1556,Hand_0006696.jpg
1011,Hand_0011163.jpg
586,Hand_0006004.jpg
63,Hand_0000566.jpg
1569,Hand_0003652.jpg
1569,Hand_0003678.jpg
1567,Hand_0003761.jpg
1024,Hand_0002813.jpg
1021,Hand_0005157.jpg
1539,Hand_0007913.jpg
0,Hand_0000048.jpg
1039,Hand_0003996.jpg
66,Hand_0010028.jpg
1028,Hand_0006900.jpg
1504,Hand_0007510.jpg
1533,Hand_0002613.jpg
7000000,Hand_0009693.jpg
23,Hand_0010278.jpg
54,Hand_0000177.jpg
1061,Hand_0005479.jpg
1532,Hand_0007133.jpg
25,Hand_0005274.jpg
55,Hand_0005310.jpg
1041,Hand_0005668.jpg
587,Hand_0002924.jpg
596,Hand_0009076.jpg
588,Hand_0005853.jpg
595,Hand_0011398.jpg
1026,Hand_0003310.jpg
1093,Hand_0009942.jpg
1058,Hand_0006495.jpg
573,Hand_0008035.jpg
1571,Hand_0003566.jpg
541,Hand_0007255.jpg
1030,Hand_0007623.jpg
1571,Hand_0003571.jpg
596,Hand_0009083.jpg
1051,Hand_0007012.jpg
1000000,Hand_0011429.jpg
1042,Hand_0005384.jpg
1543,Hand_0002872.jpg
1594,Hand_0010428.jpg
55,Hand_0000529.jpg
1000000,Hand_0009325.jpg
1020,Hand_0002422.jpg
573,Hand_0008032.jpg
1543,Hand_0007385.jpg
1066,Hand_0004519.jpg
552,Hand_0008099.jpg
1013,Hand_0004059.jpg
1567,Hand_0003741.jpg
1050,Hand_0004832.jpg
1543,Hand_0007338.jpg
1535,Hand_0001096.jpg
1028,Hand_0006882.jpg
5000000,Hand_0009629.jpg
1543,Hand_0002886.jpg
1037,Hand_0004749.jpg
587,Hand_0005886.jpg
23,Hand_0010291.jpg
1009,Hand_0009202.jpg
1527,Hand_0002940.jpg
1597,Hand_0007975.jpg
1018,Hand_0003400.jpg
1066,Hand_0004510.jpg
1088,Hand_0011210.jpg
1558,Hand_0004963.jpg
587,Hand_0005905.jpg
67,Hand_0001859.jpg
7000000,Hand_0009679.jpg
1029,Hand_0006834.jpg
1000000,Hand_0009323.jpg
88,Hand_0010456.jpg
1558,Hand_0004977.jpg
1520,Hand_0001819.jpg
588,Hand_0005840.jpg
64,Hand_0001195.jpg
596,Hand_0009036.jpg
1569,Hand_0003708.jpg
541,Hand_0007744.jpg
1082,Hand_0008465.jpg
0,Hand_0000029.jpg
546,Hand_0008350.jpg
1546,Hand_0007437.jpg
1540,Hand_0002697.jpg
1002,Hand_0003134.jpg
1081,Hand_0000331.jpg
1562,Hand_0007270.jpg
1013,Hand_0004095.jpg
1536,Hand_0011257.jpg
1562,Hand_0007266.jpg
1558,Hand_0005044.jpg
1540,Hand_0002631.jpg
1547,Hand_0006149.jpg
1000000,Hand_0009430.jpg
0,Hand_0009975.jpg
1550,Hand_0010911.jpg
1035,Hand_0004400.jpg
1050,Hand_0004950.jpg
1018,Hand_0003409.jpg
1041,Hand_0005626.jpg
1567,Hand_0003754.jpg
1002,Hand_0003142.jpg
1082,Hand_0008469.jpg
27,Hand_0001207.jpg
552,Hand_0008056.jpg
66,Hand_0010051.jpg
1039,Hand_0003990.jpg
19,Hand_0000456.jpg
541,Hand_0007749.jpg
570,Hand_0000776.jpg
1029,Hand_0006854.jpg
1558,Hand_0005000.jpg
1569,Hand_0003693.jpg
1061,Hand_0005475.jpg
1034,Hand_0004239.jpg
1035,Hand_0004414.jpg
1013,Hand_0004041.jpg
10,Hand_0001303.jpg
571,Hand_0010795.jpg
502,Hand_0008795.jpg
596,Hand_0009039.jpg
1540,Hand_0002630.jpg
1020,Hand_0002336.jpg
1009,Hand_0009196.jpg
4,Hand_0000686.jpg
1032,Hand_0004214.jpg
1513,Hand_0007665.jpg
552,Hand_0008086.jpg
1571,Hand_0003531.jpg
93,Hand_0008730.jpg
1079,Hand_0005793.jpg
5000000,Hand_0009624.jpg
1556,Hand_0006709.jpg
93,Hand_0008714.jpg
1035,Hand_0004335.jpg
506,Hand_0011219.jpg
1080,Hand_0004692.jpg
1531,Hand_0011349.jpg
539,Hand_0011089.jpg
514,Hand_0001344.jpg
1549,Hand_0003048.jpg
1587,Hand_0006783.jpg
1014,Hand_0008312.jpg
1028,Hand_0006956.jpg
1081,Hand_0001463.jpg
1513,Hand_0007635.jpg
1059,Hand_0005220.jpg
1020,Hand_0002437.jpg
1066,Hand_0004520.jpg
1552,Hand_0010118.jpg
84,Hand_0010314.jpg
1000000,Hand_0009347.jpg
1566,Hand_0003901.jpg
11,Hand_0000550.jpg
1540,Hand_0002696.jpg
1559,Hand_0006318.jpg
528,Hand_0008969.jpg
1559,Hand_0006265.jpg
1052,Hand_0007809.jpg
528,Hand_0008880.jpg
1011,Hand_0011100.jpg
1518,Hand_0001760.jpg
1050,Hand_0004814.jpg
1558,Hand_0005066.jpg
539,Hand_0011078.jpg
1587,Hand_0006734.jpg
1002,Hand_0003118.jpg
1593,Hand_0000651.jpg
1089,Hand_0010857.jpg
19,Hand_0000446.jpg
66,Hand_0010069.jpg
66,Hand_0010081.jpg
596,Hand_0009037.jpg
54,Hand_0000302.jpg
528,Hand_0008966.jpg
1518,Hand_0001786.jpg
1005,Hand_0011296.jpg
1558,Hand_0005096.jpg
88,Hand_0011186.jpg
7000000,Hand_0009710.jpg
552,Hand_0008109.jpg
528,Hand_0008871.jpg
1020,Hand_0002347.jpg
1075,Hand_0011512.jpg
1019,Hand_0008624.jpg
27,Hand_0001006.jpg
1509,Hand_0001358.jpg
1525,Hand_0010241.jpg
1066,Hand_0004482.jpg
532,Hand_0008767.jpg
1024,Hand_0002783.jpg
1587,Hand_0006766.jpg
1030,Hand_0007534.jpg
1547,Hand_0006032.jpg
509,Hand_0007045.jpg
67,Hand_0010204.jpg
1000000,Hand_0009417.jpg
1039,Hand_0003957.jpg
1093,Hand_0009948.jpg
1033,Hand_0004611.jpg
1024,Hand_0002838.jpg
507,Hand_0010180.jpg
1553,Hand_0006430.jpg
1558,Hand_0005058.jpg
502,Hand_0008792.jpg
1556,Hand_0006668.jpg
1553,Hand_0006455.jpg
1085,Hand_0010670.jpg
586,Hand_0006028.jpg
1082,Hand_0008471.jpg
1531,Hand_0011359.jpg
1034,Hand_0004225.jpg
1556,Hand_0006656.jpg
595,Hand_0011411.jpg
53,Hand_0001069.jpg
4,Hand_0000706.jpg
1537,Hand_0002460.jpg
0,Hand_0010003.jpg
514,Hand_0001323.jpg
1082,Hand_0008452.jpg
586,Hand_0005984.jpg
1567,Hand_0003758.jpg
1020,Hand_0002402.jpg
64,Hand_0001106.jpg
1510,Hand_0006604.jpg
1069,Hand_0001210.jpg
2000000,Hand_0009471.jpg
1030,Hand_0007571.jpg
1085,Hand_0010657.jpg
587,Hand_0002923.jpg
1594,Hand_0010400.jpg
1030,Hand_0007546.jpg
1079,Hand_0005787.jpg
532,Hand_0008774.jpg
1547,Hand_0006101.jpg
1052,Hand_0007803.jpg
1588,Hand_0003038.jpg
1033,Hand_0004539.jpg
525,Hand_0002198.jpg
1553,Hand_0006444.jpg
1531,Hand_0011357.jpg
1013,Hand_0004046.jpg
1021,Hand_0005116.jpg
1527,Hand_0002913.jpg
41,Hand_0001398.jpg
1090,Hand_0010800.jpg
1089,Hand_0010840.jpg
1073,Hand_0000425.jpg
581,Hand_0008631.jpg
64,Hand_0002068.jpg
1553,Hand_0006470.jpg
587,Hand_0005950.jpg
1000000,Hand_0009429.jpg
1520,Hand_0001810.jpg
3000000,Hand_0009517.jpg
541,Hand_0009156.jpg
1545,Hand_0002243.jpg
1035,Hand_0004322.jpg
1066,Hand_0004441.jpg
1032,Hand_0004131.jpg
1566,Hand_0003858.jpg
1556,Hand_0005878.jpg
88,Hand_0011274.jpg
67,Hand_0001852.jpg
1024,Hand_0008183.jpg
38,Hand_0001655.jpg
66,Hand_0010089.jpg
509,Hand_0007094.jpg
1541,Hand_0003340.jpg
12,Hand_0006389.jpg
1019,Hand_0003187.jpg
541,Hand_0007774.jpg
0,Hand_0000026.jpg
1080,Hand_0004745.jpg
1537,Hand_0002454.jpg
1540,Hand_0002622.jpg
1082,Hand_0008472.jpg
1587,Hand_0006757.jpg
1039,Hand_0004004.jpg
1540,Hand_0002704.jpg
1080,Hand_0004728.jpg
13,Hand_0000501.jpg
1021,Hand_0005159.jpg
57,Hand_0000911.jpg
1051,Hand_0007037.jpg
55,Hand_0000224.jpg
93,Hand_0008736.jpg
61,Hand_0000828.jpg
4,Hand_0000117.jpg
88,Hand_0010570.jpg
1035,Hand_0004389.jpg
1029,Hand_0006814.jpg
552,Hand_0008117.jpg
525,Hand_0002140.jpg
1585,Hand_0000183.jpg
1085,Hand_0010695.jpg
1073,Hand_0000406.jpg
1018,Hand_0003421.jpg
1533,Hand_0002537.jpg
1037,Hand_0006233.jpg
1037,Hand_0006188.jpg
1061,Hand_0005445.jpg
1051,Hand_0006959.jpg
574,Hand_0002099.jpg
1024,Hand_0002722.jpg
1069,Hand_0001230.jpg
1030,Hand_0007557.jpg
1532,Hand_0007167.jpg
1546,Hand_0007441.jpg
1504,Hand_0007505.jpg
1559,Hand_0006311.jpg
23,Hand_0010258.jpg
528,Hand_0008921.jpg
1005,Hand_0011289.jpg
1066,Hand_0004527.jpg
1051,Hand_0007000.jpg
1000000,Hand_0009339.jpg
587,Hand_0005887.jpg
525,Hand_0002180.jpg
539,Hand_0011068.jpg
576,Hand_0005487.jpg
1540,Hand_0002653.jpg
1566,Hand_0003833.jpg
1082,Hand_0008457.jpg
541,Hand_0009282.jpg
1540,Hand_0002623.jpg
525,Hand_0002200.jpg
1573,Hand_0008435.jpg
10,Hand_0001286.jpg
25,Hand_0005260.jpg
1046,Hand_0008386.jpg
1566,Hand_0006806.jpg
541,Hand_0009289.jpg
1080,Hand_0004676.jpg
92,Hand_0011623.jpg
501,Hand_0008255.jpg
532,Hand_0008756.jpg
93,Hand_0008728.jpg
1558,Hand_0005040.jpg
7000000,Hand_0009695.jpg
1573,Hand_0008417.jpg
1050,Hand_0004920.jpg
1520,Hand_0001822.jpg
1562,Hand_0007308.jpg
1533,Hand_0002544.jpg
532,Hand_0008782.jpg
1069,Hand_0001234.jpg
1050,Hand_0004838.jpg
571,Hand_0010508.jpg
586,Hand_0005993.jpg
1081,Hand_0001470.jpg
1505,Hand_0002967.jpg
1034,Hand_0004241.jpg
1059,Hand_0005223.jpg
1018,Hand_0003417.jpg
1034,Hand_0004250.jpg
1042,Hand_0005405.jpg
1034,Hand_0004289.jpg
1037,Hand_0006179.jpg
1558,Hand_0004969.jpg
1557,Hand_0005745.jpg
1594,Hand_0010410.jpg
1020,Hand_0002367.jpg
1023,Hand_0001368.jpg
1100000,Hand_0009820.jpg
1023,Hand_0000711.jpg
64,Hand_0001182.jpg
1541,Hand_0008560.jpg
1075,Hand_0011570.jpg
1545,Hand_0002295.jpg
1026,Hand_0003308.jpg
1011,Hand_0011130.jpg
1002,Hand_0003110.jpg
1039,Hand_0003971.jpg
1067,Hand_0005537.jpg
1029,Hand_0006853.jpg
1030,Hand_0007569.jpg
38,Hand_0001674.jpg
84,Hand_0010320.jpg
1000000,Hand_0009312.jpg
1059,Hand_0005230.jpg
594,Hand_0000163.jpg
1060,Hand_0010967.jpg
587,Hand_0005888.jpg
1081,Hand_0000324.jpg
501,Hand_0008254.jpg
1003,Hand_0011496.jpg
1545,Hand_0002298.jpg
1556,Hand_0006682.jpg
1569,Hand_0003224.jpg
1073,Hand_0001949.jpg
1035,Hand_0004403.jpg
1566,Hand_0003851.jpg
12,Hand_0006368.jpg
1013,Hand_0000298.jpg
1070,Hand_0001981.jpg
1051,Hand_0006988.jpg
1069,Hand_0001221.jpg
532,Hand_0008771.jpg
1537,Hand_0002489.jpg
63,Hand_0000563.jpg
61,Hand_0000829.jpg
1587,Hand_0006727.jpg
1041,Hand_0005628.jpg
1566,Hand_0003865.jpg
1032,Hand_0004129.jpg
1527,Hand_0002902.jpg
1081,Hand_0001466.jpg
64,Hand_0001193.jpg
1520,Hand_0001828.jpg
1022,Hand_0001421.jpg
1019,Hand_0003151.jpg
529,Hand_0000929.jpg
1020,Hand_0002426.jpg
1539,Hand_0007909.jpg
1510,Hand_0006592.jpg
1003,Hand_0011484.jpg
541,Hand_0009180.jpg
572,Hand_0000620.jpg
1059,Hand_0005200.jpg
505,Hand_0000141.jpg
528,Hand_0008918.jpg
12,Hand_0006404.jpg
27,Hand_0001206.jpg
1093,Hand_0009913.jpg
1535,Hand_0001093.jpg
1510,Hand_0006590.jpg
546,Hand_0003287.jpg
5000000,Hand_0009618.jpg
1588,Hand_0003016.jpg
1525,Hand_0010221.jpg
57,Hand_0000912.jpg
1034,Hand_0004309.jpg
1513,Hand_0007656.jpg
1549,Hand_0003082.jpg
1037,Hand_0004716.jpg
525,Hand_0002195.jpg
1569,Hand_0003704.jpg
1018,Hand_0003431.jpg
1567,Hand_0003743.jpg
1033,Hand_0004638.jpg
0,Hand_0000004.jpg
1547,Hand_0006039.jpg
5000000,Hand_0009626.jpg
534,Hand_0007243.jpg
1566,Hand_0003927.jpg
1067,Hand_0005620.jpg
528,Hand_0008947.jpg
596,Hand_0009029.jpg
1569,Hand_0001651.jpg
1024,Hand_0002803.jpg
1080,Hand_0004689.jpg
1037,Hand_0006164.jpg
28,Hand_0001039.jpg
67,Hand_0001869.jpg
53,Hand_0001045.jpg
55,Hand_0005324.jpg
84,Hand_0010371.jpg
64,Hand_0000526.jpg
1566,Hand_0003841.jpg
1018,Hand_0003410.jpg
541,Hand_0009269.jpg
1504,Hand_0007477.jpg
1571,Hand_0003568.jpg
1545,Hand_0002296.jpg
1553,Hand_0006464.jpg
9000000,Hand_0009794.jpg
10,Hand_0001314.jpg
57,Hand_0000882.jpg
576,Hand_0005525.jpg
1066,Hand_0004467.jpg
596,Hand_0009040.jpg
529,Hand_0000932.jpg
1556,Hand_0006698.jpg
19,Hand_0000463.jpg
1009,Hand_0009211.jpg
1000000,Hand_0009437.jpg
539,Hand_0011044.jpg
595,Hand_0011417.jpg
1558,Hand_0004975.jpg
1510,Hand_0006602.jpg
1059,Hand_0005224.jpg
1039,Hand_0003962.jpg
6000000,Hand_0009643.jpg
1019,Hand_0003198.jpg
1035,Hand_0004399.jpg
1066,Hand_0004528.jpg
1566,Hand_0003925.jpg
1067,Hand_0005578.jpg
1540,Hand_0002620.jpg
1043,Hand_0009172.jpg
1013,Hand_0003644.jpg
1568,Hand_0007314.jpg
64,Hand_0001174.jpg
1030,Hand_0007603.jpg
514,Hand_0001334.jpg
55,Hand_0005356.jpg
1021,Hand_0005152.jpg
1075,Hand_0011513.jpg
1033,Hand_0004598.jpg
546,Hand_0003289.jpg
570,Hand_0000807.jpg
1070,Hand_0001971.jpg
576,Hand_0005504.jpg
502,Hand_0008820.jpg
525,Hand_0002174.jpg
1061,Hand_0005444.jpg
1082,Hand_0008505.jpg
509,Hand_0007070.jpg
1100000,Hand_0009847.jpg
1030,Hand_0007626.jpg
1553,Hand_0006462.jpg
571,Hand_0009722.jpg
1520,Hand_0001803.jpg
1543,Hand_0007363.jpg
1005,Hand_0011554.jpg
525,Hand_0002189.jpg
1005,Hand_0011287.jpg
1597,Hand_0007926.jpg
501,Hand_0008281.jpg
1200000,Hand_0009884.jpg
1560,Hand_0006552.jpg
1543,Hand_0002884.jpg
1041,Hand_0005648.jpg
1568,Hand_0003773.jpg
1009,Hand_0009187.jpg
12,Hand_0006350.jpg
1035,Hand_0004396.jpg
1020,Hand_0002325.jpg
12,Hand_0006357.jpg
1517,Hand_0001732.jpg
525,Hand_0002158.jpg
1024,Hand_0002763.jpg
1039,Hand_0003974.jpg
529,Hand_0000963.jpg
1093,Hand_0009929.jpg
1073,Hand_0000414.jpg
534,Hand_0007210.jpg
1569,Hand_0003675.jpg
1043,Hand_0009165.jpg
19,Hand_0000490.jpg
581,Hand_0008681.jpg
1023,Hand_0000602.jpg
0,Hand_0010007.jpg
19,Hand_0000445.jpg
1531,Hand_0011363.jpg
1566,Hand_0003908.jpg
1066,Hand_0004489.jpg
1018,Hand_0003441.jpg
1531,Hand_0011372.jpg
1532,Hand_0007172.jpg
1002,Hand_0003133.jpg
1541,Hand_0003341.jpg
1539,Hand_0007912.jpg
1520,Hand_0001812.jpg
525,Hand_0002192.jpg
1052,Hand_0007827.jpg
57,Hand_0000880.jpg
528,Hand_0008971.jpg
1089,Hand_0010818.jpg
92,Hand_0011606.jpg
54,Hand_0000299.jpg
1552,Hand_0010096.jpg
1030,Hand_0007584.jpg
1069,Hand_0001217.jpg
1034,Hand_0004244.jpg
1037,Hand_0006248.jpg
1074,Hand_0001160.jpg
576,Hand_0005485.jpg
1019,Hand_0003176.jpg
1021,Hand_0005136.jpg
1037,Hand_0004717.jpg
1030,Hand_0007517.jpg
1066,Hand_0004462.jpg
1564,Hand_0003607.jpg
1543,Hand_0002862.jpg
1033,Hand_0004537.jpg
1032,Hand_0004170.jpg
1039,Hand_0003933.jpg
1058,Hand_0006521.jpg
524,Hand_0011040.jpg
1559,Hand_0006280.jpg
1506,Hand_0001528.jpg
1090,Hand_0010730.jpg
1547,Hand_0006091.jpg
1560,Hand_0006575.jpg
1003,Hand_0011479.jpg
1050,Hand_0004790.jpg
1034,Hand_0004249.jpg
1051,Hand_0007027.jpg
1051,Hand_0006970.jpg
62,Hand_0000868.jpg
574,Hand_0002121.jpg
1571,Hand_0003524.jpg
1540,Hand_0002675.jpg
1024,Hand_0002758.jpg
1036,Hand_0003494.jpg
1021,Hand_0005129.jpg
8000000,Hand_0009719.jpg
1069,Hand_0001219.jpg
1033,Hand_0004560.jpg
1075,Hand_0011587.jpg
1547,Hand_0006130.jpg
1024,Hand_0008178.jpg
38,Hand_0001656.jpg
1597,Hand_0007997.jpg
1005,Hand_0011300.jpg
1513,Hand_0007640.jpg
541,Hand_0009239.jpg
1050,Hand_0004853.jpg
67,Hand_0001854.jpg
1029,Hand_0006856.jpg
1093,Hand_0009893.jpg
1030,Hand_0007559.jpg
1536,Hand_0011231.jpg
1067,Hand_0005615.jpg
1552,Hand_0010095.jpg
5000000,Hand_0009584.jpg
1560,Hand_0006557.jpg
1587,Hand_0006790.jpg
1089,Hand_0010841.jpg
546,Hand_0008375.jpg
8000000,Hand_0003881.jpg
1567,Hand_0003735.jpg
1059,Hand_0005225.jpg
4000000,Hand_0009577.jpg
1032,Hand_0004174.jpg
1541,Hand_0008580.jpg
1545,Hand_0002249.jpg
1513,Hand_0007699.jpg
84,Hand_0010327.jpg
66,Hand_0010032.jpg
1535,Hand_0001114.jpg
581,Hand_0008666.jpg
1558,Hand_0005039.jpg
67,Hand_0001793.jpg
1069,Hand_0001205.jpg
596,Hand_0009060.jpg
1573,Hand_0008448.jpg
1555,Hand_0002060.jpg
1509,Hand_0001604.jpg
1543,Hand_0007405.jpg
1051,Hand_0007039.jpg
573,Hand_0002920.jpg
0,Hand_0000006.jpg
1085,Hand_0010643.jpg
1002,Hand_0003132.jpg
504,Hand_0001635.jpg
1067,Hand_0005553.jpg
1547,Hand_0006153.jpg
55,Hand_0005329.jpg
596,Hand_0009019.jpg
25,Hand_0000272.jpg
1050,Hand_0004769.jpg
41,Hand_0001382.jpg
3000000,Hand_0009496.jpg
1559,Hand_0006298.jpg
1042,Hand_0005377.jpg
1066,Hand_0004478.jpg
1089,Hand_0010844.jpg
587,Hand_0005931.jpg
1519,Hand_0001676.jpg
1088,Hand_0011213.jpg
88,Hand_0010598.jpg
595,Hand_0011414.jpg
1067,Hand_0005592.jpg
1000000,Hand_0009384.jpg
9000000,Hand_0009773.jpg
25,Hand_0001705.jpg
3000000,Hand_0009515.jpg
1547,Hand_0006121.jpg
596,Hand_0008994.jpg
1540,Hand_0002633.jpg
1003,Hand_0011493.jpg
1550,Hand_0010889.jpg
1573,Hand_0008436.jpg
507,Hand_0010195.jpg
1033,Hand_0004533.jpg
88,Hand_0010569.jpg
23,Hand_0010268.jpg
541,Hand_0009142.jpg
1557,Hand_0005761.jpg
1539,Hand_0007895.jpg
1000000,Hand_0009484.jpg
1024,Hand_0008230.jpg
1000000,Hand_0009332.jpg
1537,Hand_0002488.jpg
1085,Hand_0010690.jpg
55,Hand_0000233.jpg
1568,Hand_0003768.jpg
573,Hand_0008048.jpg
1545,Hand_0002224.jpg
1073,Hand_0000416.jpg
1002,Hand_0003140.jpg
67,Hand_0001781.jpg
1005,Hand_0011309.jpg
3000000,Hand_0009533.jpg
528,Hand_0008931.jpg
1028,Hand_0006913.jpg
552,Hand_0008960.jpg
1058,Hand_0006476.jpg
576,Hand_0005529.jpg
1008,Hand_0001267.jpg
1589,Hand_0011717.jpg
1545,Hand_0002228.jpg
67,Hand_0001836.jpg
1066,Hand_0004487.jpg
1075,Hand_0011523.jpg
1019,Hand_0003177.jpg
532,Hand_0008753.jpg
1050,Hand_0004768.jpg
594,Hand_0000160.jpg
1541,Hand_0003369.jpg
1573,Hand_0008439.jpg
1021,Hand_0005137.jpg
1200000,Hand_0009869.jpg
1037,Hand_0006177.jpg
8000000,Hand_0009743.jpg
1020,Hand_0002431.jpg
1540,Hand_0002616.jpg
1024,Hand_0008224.jpg
1081,Hand_0001501.jpg
5000000,Hand_0009594.jpg
1509,Hand_0001350.jpg
1050,Hand_0004836.jpg
1541,Hand_0008551.jpg
81,Hand_0000395.jpg
1556,Hand_0005874.jpg
1033,Hand_0004597.jpg
41,Hand_0001388.jpg
1037,Hand_0006226.jpg
1552,Hand_0010122.jpg
23,Hand_0010257.jpg
1074,Hand_0001156.jpg
570,Hand_0000798.jpg
1008,Hand_0001263.jpg
587,Hand_0005902.jpg
1093,Hand_0009909.jpg
10,Hand_0001287.jpg
1033,Hand_0004627.jpg
506,Hand_0010543.jpg
1075,Hand_0011514.jpg
0,Hand_0009959.jpg
1058,Hand_0006514.jpg
586,Hand_0005965.jpg
506,Hand_0011220.jpg
1594,Hand_0010401.jpg
1030,Hand_0007519.jpg
1011,Hand_0011098.jpg
504,Hand_0001610.jpg
1024,Hand_0002725.jpg
1037,Hand_0006246.jpg
1020,Hand_0002439.jpg
525,Hand_0002148.jpg
84,Hand_0010336.jpg
9000000,Hand_0009772.jpg
6000000,Hand_0009561.jpg
541,Hand_0007730.jpg
53,Hand_0001067.jpg
1510,Hand_0006584.jpg
1510,Hand_0006601.jpg
571,Hand_0011066.jpg
1558,Hand_0008323.jpg
88,Hand_0010591.jpg
532,Hand_0008769.jpg
1560,Hand_0006535.jpg
19,Hand_0008886.jpg
8000000,Hand_0009745.jpg
1061,Hand_0005437.jpg
1088,Hand_0011200.jpg
546,Hand_0008333.jpg
538,Hand_0009115.jpg
1082,Hand_0008489.jpg
1088,Hand_0011214.jpg
1021,Hand_0007402.jpg
1021,Hand_0005733.jpg
88,Hand_0010630.jpg
1024,Hand_0008204.jpg
23,Hand_0010275.jpg
528,Hand_0008858.jpg
1029,Hand_0006808.jpg
574,Hand_0002102.jpg
1556,Hand_0006654.jpg
524,Hand_0010951.jpg
1037,Hand_0006231.jpg
1013,Hand_0004087.jpg
1568,Hand_0003815.jpg
1517,Hand_0001729.jpg
1032,Hand_0004202.jpg
1562,Hand_0007283.jpg
1030,Hand_0007597.jpg
1532,Hand_0007163.jpg
1018,Hand_0003456.jpg
1000000,Hand_0009316.jpg
1051,Hand_0007016.jpg
1050,Hand_0004867.jpg
571,Hand_0002647.jpg
541,Hand_0007789.jpg
1000000,Hand_0009391.jpg
1080,Hand_0004737.jpg
506,Hand_0010557.jpg
1030,Hand_0007563.jpg
86,Hand_0002032.jpg
1510,Hand_0006620.jpg
1571,Hand_0003559.jpg
1039,Hand_0004019.jpg
1018,Hand_0003427.jpg
552,Hand_0008100.jpg
86,Hand_0002000.jpg
1020,Hand_0002442.jpg
1556,Hand_0006643.jpg
525,Hand_0002164.jpg
1002,Hand_0003099.jpg
1093,Hand_0009933.jpg
0,Hand_0009964.jpg
1066,Hand_0004444.jpg
1002,Hand_0003131.jpg
1046,Hand_0008377.jpg
534,Hand_0007192.jpg
1532,Hand_0007165.jpg
1039,Hand_0004007.jpg
1000000,Hand_0009432.jpg
509,Hand_0007083.jpg
1034,Hand_0004307.jpg
1100000,Hand_0009832.jpg
1066,Hand_0004421.jpg
1540,Hand_0002643.jpg
1587,Hand_0006729.jpg
506,Hand_0010534.jpg
1051,Hand_0006974.jpg
1536,Hand_0011262.jpg
1558,Hand_0005068.jpg
1020,Hand_0002370.jpg
1050,Hand_0004882.jpg
92,Hand_0011619.jpg
1597,Hand_0007956.jpg
92,Hand_0011608.jpg
1005,Hand_0011290.jpg
1033,Hand_0004562.jpg
0,Hand_0009954.jpg
1033,Hand_0004542.jpg
529,Hand_0000961.jpg
1024,Hand_0002735.jpg
0,Hand_0000071.jpg
5000000,Hand_0009622.jpg
595,Hand_0011439.jpg
1023,Hand_0000739.jpg
1033,Hand_0004555.jpg
518,Hand_0010452.jpg
1037,Hand_0006214.jpg
1090,Hand_0010801.jpg
1568,Hand_0002974.jpg
1030,Hand_0007526.jpg
1052,Hand_0007802.jpg
1026,Hand_0003313.jpg
1541,Hand_0003385.jpg
1541,Hand_0003370.jpg
1506,Hand_0001546.jpg
1009,Hand_0009190.jpg
2000000,Hand_0009469.jpg
1556,Hand_0006713.jpg
1555,Hand_0002067.jpg
84,Hand_0010352.jpg
541,Hand_0000858.jpg
1090,Hand_0010748.jpg
504,Hand_0001629.jpg
1567,Hand_0003757.jpg
1024,Hand_0008238.jpg
12,Hand_0006366.jpg
1529,Hand_0005705.jpg
1043,Hand_0009146.jpg
66,Hand_0010045.jpg
1553,Hand_0006448.jpg
1569,Hand_0003682.jpg
581,Hand_0008693.jpg
1520,Hand_0001831.jpg
27,Hand_0000987.jpg
1531,Hand_0011353.jpg
1034,Hand_0006074.jpg
1081,Hand_0001475.jpg
1075,Hand_0011503.jpg
1553,Hand_0006414.jpg
1019,Hand_0003206.jpg
1100000,Hand_0009849.jpg
1058,Hand_0006507.jpg
1032,Hand_0004187.jpg
57,Hand_0000925.jpg
1532,Hand_0007121.jpg
1024,Hand_0002841.jpg
1018,Hand_0003405.jpg
1037,Hand_0006239.jpg
534,Hand_0007208.jpg
1518,Hand_0001788.jpg
1525,Hand_0010223.jpg
1041,Hand_0005670.jpg
0,Hand_0010002.jpg
1011,Hand_0011133.jpg
1588,Hand_0003033.jpg
1030,Hand_0007570.jpg
588,Hand_0005851.jpg
1513,Hand_0007670.jpg
66,Hand_0010027.jpg
1090,Hand_0010789.jpg
1090,Hand_0010742.jpg
1018,Hand_0003455.jpg
67,Hand_0001886.jpg
1573,Hand_0008425.jpg
1050,Hand_0004942.jpg
81,Hand_0000351.jpg
1088,Hand_0011212.jpg
1558,Hand_0005088.jpg
1533,Hand_0002565.jpg
19,Hand_0000457.jpg
1525,Hand_0010202.jpg
1024,Hand_0008190.jpg
541,Hand_0009152.jpg
1039,Hand_0003993.jpg
92,Hand_0011612.jpg
1026,Hand_0003317.jpg
1028,Hand_0006950.jpg
1050,Hand_0001191.jpg
1035,Hand_0004339.jpg
1067,Hand_0005588.jpg
1587,Hand_0006755.jpg
1506,Hand_0001547.jpg
5000000,Hand_0009598.jpg
1005,Hand_0011326.jpg
586,Hand_0005998.jpg
1082,Hand_0008459.jpg
1588,Hand_0003001.jpg
1568,Hand_0003788.jpg
1503,Hand_0001909.jpg
1075,Hand_0011552.jpg
546,Hand_0003273.jpg
1033,Hand_0004619.jpg
1024,Hand_0002832.jpg
1033,Hand_0004586.jpg
1033,Hand_0004646.jpg
1067,Hand_0005597.jpg
1540,Hand_0002689.jpg
1558,Hand_0005002.jpg
1000000,Hand_0009453.jpg
1557,Hand_0005768.jpg
1569,Hand_0000595.jpg
84,Hand_0010313.jpg
1539,Hand_0007866.jpg
509,Hand_0007076.jpg
1536,Hand_0011267.jpg
1579,Hand_0008159.jpg
1562,Hand_0007309.jpg
1085,Hand_0010671.jpg
528,Hand_0008924.jpg
1050,Hand_0004953.jpg
571,Hand_0010519.jpg
1089,Hand_0010855.jpg
1597,Hand_0007951.jpg
1558,Hand_0004967.jpg
1041,Hand_0005672.jpg
1543,Hand_0007409.jpg
1532,Hand_0007176.jpg
1552,Hand_0010124.jpg
588,Hand_0003726.jpg
1579,Hand_0008156.jpg
1504,Hand_0007475.jpg
1543,Hand_0007373.jpg
67,Hand_0001856.jpg
1037,Hand_0001906.jpg
595,Hand_0011408.jpg
1100000,Hand_0009831.jpg
1541,Hand_0003394.jpg
1088,Hand_0011217.jpg
1509,Hand_0000855.jpg
1050,Hand_0004869.jpg
1014,Hand_0008295.jpg
1081,Hand_0001506.jpg
506,Hand_0010545.jpg
1058,Hand_0006519.jpg
1540,Hand_0002705.jpg
1527,Hand_0002941.jpg
57,Hand_0000888.jpg
1090,Hand_0010817.jpg
1541,Hand_0008576.jpg
1019,Hand_0003165.jpg
1066,Hand_0006307.jpg
54,Hand_0000665.jpg
1029,Hand_0006839.jpg
1533,Hand_0002504.jpg
0,Hand_0009971.jpg
1545,Hand_0002252.jpg
1036,Hand_0003479.jpg
1018,Hand_0003438.jpg
1559,Hand_0006273.jpg
67,Hand_0001864.jpg
12,Hand_0006364.jpg
1569,Hand_0003698.jpg
507,Hand_0010142.jpg
1533,Hand_0002584.jpg
1024,Hand_0002819.jpg
1028,Hand_0006922.jpg
1573,Hand_0008419.jpg
1050,Hand_0002053.jpg
1020,Hand_0002302.jpg
1535,Hand_0001136.jpg
1518,Hand_0001779.jpg
1539,Hand_0007862.jpg
1060,Hand_0010986.jpg
81,Hand_0000394.jpg
1060,Hand_0010973.jpg
1030,Hand_0007522.jpg
1552,Hand_0010119.jpg
0,Hand_0000051.jpg
67,Hand_0001882.jpg
19,Hand_0000451.jpg
1011,Hand_0011172.jpg
1594,Hand_0010408.jpg
1573,Hand_0008430.jpg
1557,Hand_0005769.jpg
1000000,Hand_0009483.jpg
1019,Hand_0003171.jpg
581,Hand_0008684.jpg
1081,Hand_0001459.jpg
546,Hand_0008351.jpg
524,Hand_0010950.jpg
1510,Hand_0006606.jpg
1059,Hand_0005222.jpg
1026,Hand_0003320.jpg
1543,Hand_0002895.jpg
525,Hand_0002134.jpg
587,Hand_0005943.jpg
92,Hand_0011656.jpg
552,Hand_0008063.jpg
506,Hand_0011221.jpg
4,Hand_0000118.jpg
1079,Hand_0005790.jpg
1588,Hand_0003008.jpg
1037,Hand_0000598.jpg
1547,Hand_0006090.jpg
1089,Hand_0010819.jpg
1550,Hand_0010887.jpg
1100000,Hand_0009825.jpg
81,Hand_0000375.jpg
1066,Hand_0002051.jpg
1000000,Hand_0009487.jpg
1019,Hand_0003202.jpg
1546,Hand_0007444.jpg
1567,Hand_0003747.jpg
1525,Hand_0010213.jpg
57,Hand_0000900.jpg
1547,Hand_0006037.jpg
1085,Hand_0010674.jpg
576,Hand_0005516.jpg
1552,Hand_0010099.jpg
1525,Hand_0010244.jpg
1527,Hand_0002912.jpg
1024,Hand_0002781.jpg
1033,Hand_0004594.jpg
1080,Hand_0004675.jpg
1549,Hand_0003084.jpg
1564,Hand_0003625.jpg
1019,Hand_0003189.jpg
1041,Hand_0005629.jpg
1019,Hand_0008588.jpg
1556,Hand_0006697.jpg
588,Hand_0005838.jpg
1528,Hand_0001593.jpg
541,Hand_0009252.jpg
1060,Hand_0011036.jpg
1571,Hand_0003578.jpg
1543,Hand_0007370.jpg
92,Hand_0011594.jpg
81,Hand_0000638.jpg
572,Hand_0000623.jpg
25,Hand_0005286.jpg
1532,Hand_0007178.jpg
1564,Hand_0003648.jpg
4,Hand_0000677.jpg
588,Hand_0005859.jpg
576,Hand_0005495.jpg
1520,Hand_0001811.jpg
1589,Hand_0011695.jpg
501,Hand_0008289.jpg
1090,Hand_0010722.jpg
1051,Hand_0006985.jpg
1540,Hand_0002665.jpg
1093,Hand_0009898.jpg
0,Hand_0000015.jpg
1540,Hand_0002626.jpg
1005,Hand_0011311.jpg
1034,Hand_0004303.jpg
1089,Hand_0010826.jpg
1510,Hand_0006586.jpg
92,Hand_0011636.jpg
586,Hand_0005971.jpg
1533,Hand_0002546.jpg
1541,Hand_0003389.jpg
586,Hand_0006011.jpg
525,Hand_0002169.jpg
1541,Hand_0003345.jpg
571,Hand_0002671.jpg
1543,Hand_0002845.jpg
594,Hand_0000528.jpg
1050,Hand_0004855.jpg
1594,Hand_0010406.jpg
506,Hand_0010559.jpg
1014,Hand_0008297.jpg
1519,Hand_0001685.jpg
1533,Hand_0002549.jpg
596,Hand_0006071.jpg
1532,Hand_0007110.jpg
7000000,Hand_0009709.jpg
88,Hand_0010580.jpg
1081,Hand_0000329.jpg
86,Hand_0001145.jpg
1539,Hand_0007889.jpg
1543,Hand_0002868.jpg
1559,Hand_0006328.jpg
596,Hand_0009071.jpg
501,Hand_0008269.jpg
1541,Hand_0008544.jpg
552,Hand_0008084.jpg
1021,Hand_0005158.jpg
92,Hand_0011603.jpg
1073,Hand_0000418.jpg
1579,Hand_0008154.jpg
1589,Hand_0011721.jpg
1019,Hand_0008618.jpg
534,Hand_0007214.jpg
1089,Hand_0010834.jpg
571,Hand_0010524.jpg
596,Hand_0008976.jpg
1028,Hand_0006908.jpg
1539,Hand_0007864.jpg
84,Hand_0010334.jpg
1060,Hand_0010915.jpg
1566,Hand_0003853.jpg
1597,Hand_0008006.jpg
53,Hand_0001082.jpg
81,Hand_0002034.jpg
571,Hand_0009799.jpg
1030,Hand_0007614.jpg
55,Hand_0005349.jpg
86,Hand_0002029.jpg
1002,Hand_0003112.jpg
1029,Hand_0006847.jpg
92,Hand_0011597.jpg
1000000,Hand_0009343.jpg
1041,Hand_0005673.jpg
1023,Hand_0000729.jpg
1002,Hand_0003103.jpg
546,Hand_0008338.jpg
539,Hand_0011065.jpg
1543,Hand_0002856.jpg
1547,Hand_0006140.jpg
1579,Hand_0008165.jpg
1035,Hand_0010264.jpg
546,Hand_0008353.jpg
514,Hand_0001332.jpg
1543,Hand_0010467.jpg
1080,Hand_0004672.jpg
1059,Hand_0005217.jpg
587,Hand_0002805.jpg
4000000,Hand_0009581.jpg
1018,Hand_0003462.jpg
1036,Hand_0003467.jpg
1539,Hand_0007915.jpg
0,Hand_0010001.jpg
1566,Hand_0003889.jpg
1569,Hand_0004767.jpg
1024,Hand_0002727.jpg
1051,Hand_0006962.jpg
1020,Hand_0002376.jpg
576,Hand_0005521.jpg
1030,Hand_0007621.jpg
1050,Hand_0004830.jpg
1556,Hand_0006694.jpg
1050,Hand_0004823.jpg
1009,Hand_0009210.jpg
1030,Hand_0007521.jpg
596,Hand_0009011.jpg
1039,Hand_0004006.jpg
586,Hand_0005967.jpg
1547,Hand_0006136.jpg
1067,Hand_0005585.jpg
0,Hand_0009984.jpg
1579,Hand_0005876.jpg
541,Hand_0007724.jpg
1075,Hand_0011579.jpg
1546,Hand_0007426.jpg
1550,Hand_0010883.jpg
84,Hand_0010390.jpg
1060,Hand_0011034.jpg
9000000,Hand_0009811.jpg
1547,Hand_0006077.jpg
595,Hand_0011418.jpg
1593,Hand_0000654.jpg
1082,Hand_0008487.jpg
504,Hand_0001611.jpg
1023,Hand_0000734.jpg
502,Hand_0008814.jpg
1540,Hand_0002640.jpg
55,Hand_0000232.jpg
571,Hand_0009734.jpg
1002,Hand_0003116.jpg
1510,Hand_0006597.jpg
581,Hand_0008636.jpg
1014,Hand_0008327.jpg
92,Hand_0011613.jpg
1531,Hand_0011347.jpg
1510,Hand_0006580.jpg
1060,Hand_0011019.jpg
86,Hand_0001994.jpg
1533,Hand_0002548.jpg
1073,Hand_0000413.jpg
1550,Hand_0010870.jpg
1566,Hand_0003868.jpg
1589,Hand_0011700.jpg
1568,Hand_0007286.jpg
546,Hand_0003281.jpg
1540,Hand_0002707.jpg
12,Hand_0006391.jpg
1566,Hand_0003866.jpg
1568,Hand_0003795.jpg
8,Hand_0000096.jpg
541,Hand_0007758.jpg
1037,Hand_0006173.jpg
595,Hand_0011442.jpg
84,Hand_0010340.jpg
1569,Hand_0001757.jpg
1041,Hand_0005666.jpg
539,Hand_0011039.jpg
1019,Hand_0008616.jpg
524,Hand_0010952.jpg
1026,Hand_0003303.jpg
12,Hand_0006397.jpg
576,Hand_0005506.jpg
1100000,Hand_0009816.jpg
0,Hand_0000032.jpg
25,Hand_0005290.jpg
546,Hand_0008409.jpg
53,Hand_0001056.jpg
1058,Hand_0006483.jpg
1050,Hand_0002088.jpg
546,Hand_0008371.jpg
1579,Hand_0009509.jpg
596,Hand_0009027.jpg
1506,Hand_0001552.jpg
1533,Hand_0002508.jpg
1579,Hand_0008151.jpg
61,Hand_0000811.jpg
1533,Hand_0002540.jpg
573,Hand_0003034.jpg
1035,Hand_0004315.jpg
1568,Hand_0002443.jpg
1024,Hand_0002833.jpg
528,Hand_0008868.jpg
501,Hand_0008279.jpg
8,Hand_0000538.jpg
507,Hand_0010186.jpg
506,Hand_0011384.jpg
532,Hand_0008773.jpg
1009,Hand_0009217.jpg
1013,Hand_0004117.jpg
571,Hand_0010553.jpg
1032,Hand_0004152.jpg
1080,Hand_0004722.jpg
11,Hand_0000556.jpg
54,Hand_0000553.jpg
86,Hand_0002005.jpg
1051,Hand_0006964.jpg
28,Hand_0001032.jpg
1540,Hand_0002659.jpg
538,Hand_0009108.jpg
1039,Hand_0004013.jpg
67,Hand_0001866.jpg
1075,Hand_0011547.jpg
1564,Hand_0003593.jpg
1050,Hand_0004918.jpg
1555,Hand_0002076.jpg
1100000,Hand_0009851.jpg
53,Hand_0001085.jpg
63,Hand_0000574.jpg
1042,Hand_0005388.jpg
1014,Hand_0008303.jpg
41,Hand_0001679.jpg
1566,Hand_0003846.jpg
0,Hand_0000024.jpg
1029,Hand_0006831.jpg
1032,Hand_0004200.jpg
1042,Hand_0005373.jpg
1033,Hand_0004583.jpg
1588,Hand_0002999.jpg
1525,Hand_0010212.jpg
1009,Hand_0009203.jpg
1037,Hand_0006256.jpg
1505,Hand_0002978.jpg
1050,Hand_0004927.jpg
1039,Hand_0003976.jpg
1544,Hand_0003228.jpg
1033,Hand_0004580.jpg
8000000,Hand_0009737.jpg
1024,Hand_0002820.jpg
1013,Hand_0004104.jpg
1579,Hand_0008135.jpg
1571,Hand_0003541.jpg
1033,Hand_0004574.jpg
1009,Hand_0009194.jpg
1556,Hand_0006701.jpg
1029,Hand_0006824.jpg
1041,Hand_0005671.jpg
534,Hand_0007245.jpg
1022,Hand_0001428.jpg
1559,Hand_0006272.jpg
1050,Hand_0004937.jpg
4,Hand_0000705.jpg
596,Hand_0006063.jpg
596,Hand_0009004.jpg
1527,Hand_0002932.jpg
1553,Hand_0006409.jpg
1528,Hand_0001594.jpg
1549,Hand_0003080.jpg
57,Hand_0000921.jpg
81,Hand_0000391.jpg
64,Hand_0001175.jpg
1532,Hand_0007146.jpg
1002,Hand_0003120.jpg
1549,Hand_0005684.jpg
38,Hand_0001664.jpg
1013,Hand_0004115.jpg
1037,Hand_0006208.jpg
1046,Hand_0008385.jpg
1566,Hand_0003848.jpg
1024,Hand_0008218.jpg
1019,Hand_0008605.jpg
1059,Hand_0005203.jpg
574,Hand_0002103.jpg
529,Hand_0000952.jpg
541,Hand_0007253.jpg
1549,Hand_0003070.jpg
1093,Hand_0009944.jpg
1069,Hand_0001211.jpg
81,Hand_0000388.jpg
54,Hand_0000300.jpg
1541,Hand_0003351.jpg
1539,Hand_0007861.jpg
1585,Hand_0000438.jpg
1520,Hand_0001584.jpg
1549,Hand_0003089.jpg
1510,Hand_0006611.jpg
8000000,Hand_0011209.jpg
1019,Hand_0008596.jpg
25,Hand_0000276.jpg
1506,Hand_0001516.jpg
1545,Hand_0002281.jpg
1531,Hand_0011368.jpg
514,Hand_0001331.jpg
1030,Hand_0007625.jpg
1533,Hand_0002569.jpg
1090,Hand_0010749.jpg
41,Hand_0001386.jpg
507,Hand_0010167.jpg
596,Hand_0006558.jpg
1060,Hand_0010990.jpg
587,Hand_0005895.jpg
1544,Hand_0001977.jpg
1011,Hand_0011150.jpg
539,Hand_0011074.jpg
28,Hand_0001012.jpg
573,Hand_0008033.jpg
1018,Hand_0003464.jpg
525,Hand_0002132.jpg
1024,Hand_0002784.jpg
88,Hand_0010455.jpg
27,Hand_0001000.jpg
1050,Hand_0004919.jpg
66,Hand_0010062.jpg
1005,Hand_0011073.jpg
1540,Hand_0002715.jpg
1540,Hand_0002677.jpg
1061,Hand_0005468.jpg
571,Hand_0010515.jpg
1562,Hand_0007319.jpg
92,Hand_0011640.jpg
559,Hand_0000100.jpg
571,Hand_0010551.jpg
1020,Hand_0002401.jpg
1085,Hand_0010680.jpg
1019,Hand_0008603.jpg
1067,Hand_0005566.jpg
1541,Hand_0003376.jpg
1080,Hand_0004681.jpg
1034,Hand_0004237.jpg
1537,Hand_0002490.jpg
572,Hand_0000628.jpg
532,Hand_0008761.jpg
587,Hand_0005941.jpg
1537,Hand_0002498.jpg
1566,Hand_0003844.jpg
1051,Hand_0006984.jpg
1026,Hand_0003323.jpg
55,Hand_0005358.jpg
532,Hand_0008752.jpg
1029,Hand_0006863.jpg
1553,Hand_0006457.jpg
559,Hand_0000094.jpg
1050,Hand_0004921.jpg
1037,Hand_0007097.jpg
1557,Hand_0005774.jpg
1023,Hand_0000694.jpg
1541,Hand_0003339.jpg
1019,Hand_0003147.jpg
1571,Hand_0003535.jpg
532,Hand_0008775.jpg
1026,Hand_0003295.jpg
573,Hand_0008039.jpg
1005,Hand_0011338.jpg
1073,Hand_0000410.jpg
1024,Hand_0008213.jpg
518,Hand_0010474.jpg
1517,Hand_0001727.jpg
1066,Hand_0004434.jpg
1067,Hand_0005601.jpg
552,Hand_0008085.jpg
1543,Hand_0007336.jpg
8000000,Hand_0009714.jpg
1028,Hand_0006937.jpg
1030,Hand_0007576.jpg
1515,Hand_0000320.jpg
1088,Hand_0011202.jpg
1050,Hand_0004812.jpg
1553,Hand_0006419.jpg
41,Hand_0001418.jpg
10,Hand_0001289.jpg
1005,Hand_0011293.jpg
581,Hand_0008672.jpg
546,Hand_0008342.jpg
1090,Hand_0010754.jpg
1579,Hand_0008132.jpg
93,Hand_0008712.jpg
528,Hand_0008951.jpg
1562,Hand_0007276.jpg
1019,Hand_0008628.jpg
9000000,Hand_0009792.jpg
1039,Hand_0003980.jpg
525,Hand_0002157.jpg
4000000,Hand_0009578.jpg
1569,Hand_0003684.jpg
1019,Hand_0008625.jpg
1543,Hand_0002858.jpg
1541,Hand_0008562.jpg
1005,Hand_0011280.jpg
7000000,Hand_0009707.jpg
1050,Hand_0004883.jpg
1030,Hand_0007535.jpg
1505,Hand_0002970.jpg
1021,Hand_0005697.jpg
13,Hand_0000507.jpg
1555,Hand_0002055.jpg
541,Hand_0007727.jpg
8000000,Hand_0009763.jpg
541,Hand_0009242.jpg
1005,Hand_0011305.jpg
84,Hand_0010304.jpg
1553,Hand_0006421.jpg
1020,Hand_0002360.jpg
1037,Hand_0000597.jpg
1066,Hand_0004454.jpg
1528,Hand_0001600.jpg
596,Hand_0009014.jpg
1005,Hand_0011315.jpg
571,Hand_0010501.jpg
2000000,Hand_0009454.jpg
1052,Hand_0007845.jpg
528,Hand_0008885.jpg
1567,Hand_0003736.jpg
1089,Hand_0010838.jpg
541,Hand_0007769.jpg
1564,Hand_0003631.jpg
1050,Hand_0002084.jpg
0,Hand_0000041.jpg
502,Hand_0008791.jpg
1037,Hand_0006222.jpg
1059,Hand_0005239.jpg
1564,Hand_0003640.jpg
1535,Hand_0001092.jpg
1011,Hand_0011112.jpg
1558,Hand_0005426.jpg
1085,Hand_0010665.jpg
1533,Hand_0002512.jpg
587,Hand_0005920.jpg
1080,Hand_0004673.jpg
1039,Hand_0003985.jpg
529,Hand_0000942.jpg
0,Hand_0009958.jpg
534,Hand_0007206.jpg
1034,Hand_0004286.jpg
1545,Hand_0002213.jpg
1075,Hand_0011521.jpg
1041,Hand_0005630.jpg
1081,Hand_0001410.jpg
2000000,Hand_0009462.jpg
0,Hand_0009972.jpg
528,Hand_0008946.jpg
88,Hand_0010582.jpg
63,Hand_0000584.jpg
1000000,Hand_0009431.jpg
1020,Hand_0002346.jpg
1009,Hand_0009183.jpg
1030,Hand_0007620.jpg
1075,Hand_0011534.jpg
571,Hand_0009806.jpg
1013,Hand_0004064.jpg
1033,Hand_0004534.jpg
1579,Hand_0008839.jpg
1018,Hand_0003445.jpg
1032,Hand_0004183.jpg
588,Hand_0005870.jpg
1035,Hand_0004397.jpg
5000000,Hand_0009597.jpg
1028,Hand_0006947.jpg
6000000,Hand_0009936.jpg
93,Hand_0008739.jpg
1002,Hand_0003139.jpg
1528,Hand_0001569.jpg
595,Hand_0011396.jpg
1026,Hand_0002947.jpg
1547,Hand_0006120.jpg
1547,Hand_0006047.jpg
1597,Hand_0007985.jpg
1051,Hand_0006971.jpg
1033,Hand_0004602.jpg
1030,Hand_0007575.jpg
1034,Hand_0004261.jpg
1543,Hand_0007365.jpg
10,Hand_0001297.jpg
1549,Hand_0005683.jpg
1034,Hand_0004305.jpg
528,Hand_0008915.jpg
1019,Hand_0008591.jpg
1589,Hand_0011741.jpg
1052,Hand_0007831.jpg
1035,Hand_0004349.jpg
546,Hand_0008373.jpg
1046,Hand_0008359.jpg
1035,Hand_0004351.jpg
1562,Hand_0007271.jpg
1593,Hand_0000658.jpg
1018,Hand_0003453.jpg
1200000,Hand_0009878.jpg
1558,Hand_0005021.jpg
541,Hand_0007751.jpg
1033,Hand_0004643.jpg
571,Hand_0010502.jpg
1021,Hand_0005134.jpg
6000000,Hand_0009654.jpg
92,Hand_0011661.jpg
0,Hand_0000068.jpg
528,Hand_0008939.jpg
1544,Hand_0003257.jpg
1532,Hand_0007179.jpg
1569,Hand_0003223.jpg
502,Hand_0008824.jpg
1034,Hand_0004233.jpg
1073,Hand_0000433.jpg
1061,Hand_0005469.jpg
1543,Hand_0007342.jpg
543,Hand_0001941.jpg
1036,Hand_0003466.jpg
1569,Hand_0003686.jpg
1564,Hand_0003616.jpg
93,Hand_0008698.jpg
1042,Hand_0005419.jpg
1037,Hand_0006255.jpg
1513,Hand_0007706.jpg
1020,Hand_0002323.jpg
571,Hand_0010510.jpg
1505,Hand_0002984.jpg
1573,Hand_0008429.jpg
1020,Hand_0002423.jpg
5000000,Hand_0009623.jpg
1566,Hand_0003888.jpg
1090,Hand_0010720.jpg
1545,Hand_0002257.jpg
1579,Hand_0008161.jpg
1005,Hand_0011327.jpg
1011,Hand_0011116.jpg
1566,Hand_0003863.jpg
570,Hand_0000805.jpg
1527,Hand_0002900.jpg
1516,Hand_0007763.jpg
55,Hand_0005312.jpg
1082,Hand_0008467.jpg
596,Hand_0008999.jpg
1537,Hand_0002472.jpg
1085,Hand_0010658.jpg
596,Hand_0009030.jpg
1052,Hand_0007842.jpg
1085,Hand_0010692.jpg
581,Hand_0008653.jpg
1003,Hand_0011466.jpg
1041,Hand_0005651.jpg
93,Hand_0008699.jpg
6000000,Hand_0009559.jpg
1546,Hand_0007418.jpg
1559,Hand_0006264.jpg
541,Hand_0007739.jpg
1505,Hand_0002964.jpg
1569,Hand_0003714.jpg
1587,Hand_0006781.jpg
1033,Hand_0004663.jpg
1558,Hand_0005008.jpg
11,Hand_0000551.jpg
507,Hand_0010175.jpg
525,Hand_0002183.jpg
1537,Hand_0002501.jpg
1588,Hand_0003030.jpg
1532,Hand_0007164.jpg
1036,Hand_0003498.jpg
1013,Hand_0004088.jpg
1011,Hand_0011121.jpg
1555,Hand_0002087.jpg
1515,Hand_0000307.jpg
571,Hand_0010506.jpg
1559,Hand_0006327.jpg
1026,Hand_0003325.jpg
1587,Hand_0006772.jpg
1587,Hand_0006799.jpg
1541,Hand_0008545.jpg
1000000,Hand_0009319.jpg
88,Hand_0010446.jpg
1026,Hand_0003326.jpg
596,Hand_0006061.jpg
1594,Hand_0010395.jpg
1562,Hand_0007277.jpg
1568,Hand_0003816.jpg
1002,Hand_0003096.jpg
1597,Hand_0007960.jpg
1517,Hand_0001745.jpg
1505,Hand_0002991.jpg
1547,Hand_0006045.jpg
538,Hand_0009113.jpg
1597,Hand_0007943.jpg
2000000,Hand_0009461.jpg
502,Hand_0008815.jpg
1005,Hand_0011299.jpg
1520,Hand_0001815.jpg
528,Hand_0008912.jpg
93,Hand_0008711.jpg
1089,Hand_0010849.jpg
1024,Hand_0002729.jpg
1560,Hand_0006561.jpg
534,Hand_0007246.jpg
1540,Hand_0002678.jpg
1556,Hand_0006639.jpg
1597,Hand_0007929.jpg
9000000,Hand_0009785.jpg
4,Hand_0000676.jpg
1587,Hand_0006771.jpg
587,Hand_0002319.jpg
596,Hand_0009006.jpg
93,Hand_0008706.jpg
1587,Hand_0006742.jpg
1088,Hand_0011177.jpg
1079,Hand_0005807.jpg
1562,Hand_0007287.jpg
541,Hand_0007754.jpg
1005,Hand_0011310.jpg
1546,Hand_0007440.jpg
586,Hand_0005982.jpg
1037,Hand_0006187.jpg
1560,Hand_0006560.jpg
1562,Hand_0007292.jpg
86,Hand_0001996.jpg
1067,Hand_0005612.jpg
1024,Hand_0008179.jpg
0,Hand_0009950.jpg
1050,Hand_0004905.jpg
596,Hand_0006332.jpg
25,Hand_0000281.jpg
1023,Hand_0002116.jpg
0,Hand_0000047.jpg
81,Hand_0000373.jpg
552,Hand_0008058.jpg
1541,Hand_0003395.jpg
1003,Hand_0011445.jpg
55,Hand_0000225.jpg
1539,Hand_0007883.jpg
88,Hand_0010576.jpg
1090,Hand_0010780.jpg
1021,Hand_0005154.jpg
57,Hand_0000909.jpg
1579,Hand_0008137.jpg
1536,Hand_0011277.jpg
573,Hand_0008019.jpg
541,Hand_0007734.jpg
594,Hand_0000175.jpg
1066,Hand_0004523.jpg
1550,Hand_0010900.jpg
552,Hand_0008061.jpg
1525,Hand_0010242.jpg
1543,Hand_0007362.jpg
1597,Hand_0007983.jpg
1066,Hand_0006060.jpg
1519,Hand_0001709.jpg
1552,Hand_0010111.jpg
1558,Hand_0005050.jpg
1090,Hand_0010781.jpg
1597,Hand_0007920.jpg
1541,Hand_0008563.jpg
596,Hand_0009066.jpg
1546,Hand_0007429.jpg
55,Hand_0005315.jpg
1082,Hand_0008481.jpg
1021,Hand_0005110.jpg
1041,Hand_0005635.jpg
541,Hand_0009263.jpg
581,Hand_0008646.jpg
66,Hand_0010019.jpg
1550,Hand_0010863.jpg
1050,Hand_0004792.jpg
1520,Hand_0001808.jpg
1028,Hand_0006944.jpg
1066,Hand_0004452.jpg
1594,Hand_0010396.jpg
1033,Hand_0004573.jpg
86,Hand_0002041.jpg
1052,Hand_0007808.jpg
1566,Hand_0003845.jpg
1030,Hand_0007624.jpg
1545,Hand_0002278.jpg
1043,Hand_0009158.jpg
1558,Hand_0005061.jpg
0,Hand_0010011.jpg
1026,Hand_0003321.jpg
1513,Hand_0007702.jpg
509,Hand_0007101.jpg
539,Hand_0011090.jpg
1559,Hand_0002098.jpg
524,Hand_0010943.jpg
596,Hand_0008987.jpg
1029,Hand_0006864.jpg
576,Hand_0005510.jpg
64,Hand_0001172.jpg
1589,Hand_0011712.jpg
86,Hand_0002003.jpg
1506,Hand_0001550.jpg
1070,Hand_0001956.jpg
1539,Hand_0007867.jpg
12,Hand_0006345.jpg
1585,Hand_0000201.jpg
1059,Hand_0005241.jpg
88,Hand_0011578.jpg
0,Hand_0010004.jpg
1559,Hand_0006300.jpg
1021,Hand_0005149.jpg
41,Hand_0001400.jpg
1532,Hand_0007137.jpg
1079,Hand_0005818.jpg
1556,Hand_0006655.jpg
1030,Hand_0007580.jpg
1560,Hand_0006564.jpg
1525,Hand_0009930.jpg
1566,Hand_0003886.jpg
1060,Hand_0010962.jpg
573,Hand_0008014.jpg
1051,Hand_0007002.jpg
1589,Hand_0011708.jpg
1558,Hand_0005016.jpg
534,Hand_0007222.jpg
1000000,Hand_0009345.jpg
13,Hand_0000517.jpg
1533,Hand_0002591.jpg
1541,Hand_0008526.jpg
1533,Hand_0002604.jpg
1024,Hand_0002812.jpg
1541,Hand_0008568.jpg
8,Hand_0000249.jpg
1000000,Hand_0009476.jpg
546,Hand_0003292.jpg
1003,Hand_0011449.jpg
1050,Hand_0004827.jpg
1080,Hand_0004721.jpg
1033,Hand_0004668.jpg
41,Hand_0001377.jpg
574,Hand_0002126.jpg
524,Hand_0010933.jpg
1559,Hand_0006317.jpg
1564,Hand_0003609.jpg
1549,Hand_0003056.jpg
13,Hand_0000499.jpg
1556,Hand_0006708.jpg
1525,Hand_0010217.jpg
1050,Hand_0004864.jpg
1024,Hand_0008184.jpg
1070,Hand_0001972.jpg
1046,Hand_0008381.jpg
534,Hand_0007213.jpg
1532,Hand_0007150.jpg
1035,Hand_0004325.jpg
1545,Hand_0002239.jpg
86,Hand_0002028.jpg
54,Hand_0000625.jpg
525,Hand_0002188.jpg
1013,Hand_0004110.jpg
1050,Hand_0004789.jpg
1529,Hand_0005722.jpg
1532,Hand_0007116.jpg
5000000,Hand_0009583.jpg
1030,Hand_0007588.jpg
5000000,Hand_0000760.jpg
1537,Hand_0002494.jpg
1079,Hand_0005784.jpg
1075,Hand_0011544.jpg
1505,Hand_0002966.jpg
570,Hand_0000775.jpg
1564,Hand_0003628.jpg
528,Hand_0008860.jpg
1532,Hand_0007175.jpg
1051,Hand_0007008.jpg
1060,Hand_0010882.jpg
1529,Hand_0005687.jpg
1518,Hand_0001761.jpg
1532,Hand_0007142.jpg
1011,Hand_0011157.jpg
1050,Hand_0004880.jpg
1558,Hand_0005035.jpg
1039,Hand_0003982.jpg
1504,Hand_0007467.jpg
1568,Hand_0003800.jpg
63,Hand_0000576.jpg
1588,Hand_0003044.jpg
1024,Hand_0002750.jpg
1030,Hand_0007551.jpg
1513,Hand_0007630.jpg
1079,Hand_0005798.jpg
1568,Hand_0003811.jpg
1011,Hand_0011169.jpg
1070,Hand_0001950.jpg
1066,Hand_0004499.jpg
1558,Hand_0005026.jpg
1569,Hand_0003705.jpg
1543,Hand_0002876.jpg
1540,Hand_0002711.jpg
541,Hand_0009247.jpg
88,Hand_0010448.jpg
0,Hand_0009968.jpg
532,Hand_0008754.jpg
1547,Hand_0006133.jpg
1557,Hand_0005741.jpg
1037,Hand_0006175.jpg
1532,Hand_0007187.jpg
571,Hand_0009798.jpg
1066,Hand_0004446.jpg
1558,Hand_0005011.jpg
576,Hand_0005524.jpg
1533,Hand_0002576.jpg
1066,Hand_0004439.jpg
13,Hand_0000515.jpg
588,Hand_0005843.jpg
1032,Hand_0004177.jpg
1535,Hand_0001102.jpg
1589,Hand_0011727.jpg
1579,Hand_0008168.jpg
1506,Hand_0002100.jpg
1041,Hand_0005658.jpg
1093,Hand_0009914.jpg
1036,Hand_0003483.jpg
571,Hand_0010488.jpg
1560,Hand_0006571.jpg
586,Hand_0006022.jpg
1553,Hand_0006445.jpg
595,Hand_0011438.jpg
1556,Hand_0006640.jpg
1037,Hand_0006258.jpg
1532,Hand_0007113.jpg
574,Hand_0002113.jpg
543,Hand_0001934.jpg
1021,Hand_0005161.jpg
1039,Hand_0003992.jpg
588,Hand_0005861.jpg
1549,Hand_0003075.jpg
84,Hand_0010365.jpg
1018,Hand_0003458.jpg
1030,Hand_0007600.jpg
1008,Hand_0001265.jpg
1000000,Hand_0009331.jpg
1018,Hand_0003429.jpg
1587,Hand_0006756.jpg
1571,Hand_0003545.jpg
53,Hand_0001046.jpg
524,Hand_0010934.jpg
1035,Hand_0004416.jpg
595,Hand_0011415.jpg
66,Hand_0010063.jpg
1021,Hand_0005109.jpg
1504,Hand_0007486.jpg
1504,Hand_0007454.jpg
1510,Hand_0006583.jpg
1532,Hand_0007158.jpg
1066,Hand_0004526.jpg
1033,Hand_0004635.jpg
64,Hand_0000525.jpg
1571,Hand_0003574.jpg
4,Hand_0000707.jpg
67,Hand_0010206.jpg
1058,Hand_0001915.jpg
1505,Hand_0002989.jpg
1034,Hand_0004216.jpg
1075,Hand_0011565.jpg
67,Hand_0001877.jpg
1558,Hand_0005100.jpg
538,Hand_0009109.jpg
1060,Hand_0011005.jpg
1018,Hand_0003433.jpg
55,Hand_0005313.jpg
1066,Hand_0006158.jpg
1019,Hand_0003152.jpg
1036,Hand_0003504.jpg
1528,Hand_0001582.jpg
1024,Hand_0008199.jpg
1547,Hand_0006080.jpg
12,Hand_0006358.jpg
88,Hand_0000922.jpg
1011,Hand_0011161.jpg
92,Hand_0011676.jpg
1517,Hand_0001738.jpg
1067,Hand_0005540.jpg
546,Hand_0008332.jpg
1023,Hand_0000717.jpg
1081,Hand_0001507.jpg
84,Hand_0010339.jpg
587,Hand_0005894.jpg
1558,Hand_0004961.jpg
541,Hand_0007759.jpg
57,Hand_0000905.jpg
1020,Hand_0002353.jpg
1029,Hand_0006881.jpg
587,Hand_0005955.jpg
546,Hand_0008374.jpg
5000000,Hand_0009606.jpg
571,Hand_0010486.jpg
1081,Hand_0001476.jpg
1073,Hand_0000402.jpg
1013,Hand_0004062.jpg
1539,Hand_0007898.jpg
1085,Hand_0010696.jpg
541,Hand_0009259.jpg
1509,Hand_0001372.jpg
1019,Hand_0008629.jpg
596,Hand_0009034.jpg
539,Hand_0011060.jpg
1536,Hand_0011250.jpg
1023,Hand_0001363.jpg
0,Hand_0000011.jpg
1533,Hand_0002533.jpg
86,Hand_0002007.jpg
1532,Hand_0007123.jpg
1024,Hand_0002789.jpg
502,Hand_0008816.jpg
1536,Hand_0011278.jpg
1024,Hand_0002752.jpg
581,Hand_0008634.jpg
1568,Hand_0002444.jpg
1585,Hand_0000147.jpg
67,Hand_0001844.jpg
53,Hand_0010391.jpg
1559,Hand_0006295.jpg
8000000,Hand_0009748.jpg
1585,Hand_0000195.jpg
571,Hand_0010507.jpg
7000000,Hand_0009675.jpg
1067,Hand_0005539.jpg
571,Hand_0009726.jpg
1061,Hand_0005480.jpg
1032,Hand_0004189.jpg
1545,Hand_0002221.jpg
1513,Hand_0007672.jpg
1564,Hand_0003638.jpg
88,Hand_0010483.jpg
1545,Hand_0002285.jpg
0,Hand_0000050.jpg
1058,Hand_0006503.jpg
1037,Hand_0006215.jpg
524,Hand_0010940.jpg
1525,Hand_0010248.jpg
1061,Hand_0005466.jpg
504,Hand_0001626.jpg
586,Hand_0005990.jpg
1200000,Hand_0009858.jpg
1032,Hand_0004204.jpg
93,Hand_0008717.jpg
1090,Hand_0010741.jpg
1052,Hand_0007836.jpg
1020,Hand_0002328.jpg
1566,Hand_0003832.jpg
1560,Hand_0006534.jpg
596,Hand_0009013.jpg
62,Hand_0000866.jpg
1000000,Hand_0009380.jpg
1532,Hand_0007152.jpg
1571,Hand_0003525.jpg
1587,Hand_0006796.jpg
506,Hand_0010566.jpg
1029,Hand_0006820.jpg
1537,Hand_0002482.jpg
1558,Hand_0005009.jpg
1531,Hand_0011355.jpg
1059,Hand_0005243.jpg
1093,Hand_0009904.jpg
1073,Hand_0000400.jpg
1579,Hand_0008144.jpg
1032,Hand_0004132.jpg
1543,Hand_0002873.jpg
1510,Hand_0006616.jpg
67,Hand_0001868.jpg
595,Hand_0011413.jpg
1059,Hand_0005233.jpg
1039,Hand_0003949.jpg
504,Hand_0001620.jpg
1090,Hand_0010753.jpg
1100000,Hand_0009837.jpg
93,Hand_0008735.jpg
84,Hand_0010380.jpg
573,Hand_0008047.jpg
25,Hand_0005254.jpg
1571,Hand_0003549.jpg
1005,Hand_0011331.jpg
596,Hand_0009087.jpg
1058,Hand_0006496.jpg
596,Hand_0002322.jpg
3000000,Hand_0009495.jpg
1571,Hand_0003575.jpg
552,Hand_0008125.jpg
1060,Hand_0010916.jpg
88,Hand_0010468.jpg
6000000,Hand_0009558.jpg
1039,Hand_0003975.jpg
1041,Hand_0005653.jpg
1029,Hand_0006749.jpg
1061,Hand_0005472.jpg
1587,Hand_0006795.jpg
23,Hand_0010296.jpg
1037,Hand_0002905.jpg
1510,Hand_0007170.jpg
6000000,Hand_0009641.jpg
1035,Hand_0004418.jpg
1019,Hand_0003194.jpg
1510,Hand_0006581.jpg
1075,Hand_0011541.jpg
1046,Hand_0008398.jpg
1545,Hand_0002276.jpg
576,Hand_0005532.jpg
64,Hand_0001192.jpg
1549,Hand_0003051.jpg
1541,Hand_0008532.jpg
1020,Hand_0002385.jpg
1041,Hand_0005656.jpg
55,Hand_0005357.jpg
1011,Hand_0011170.jpg
4,Hand_0000115.jpg
576,Hand_0005522.jpg
1009,Hand_0009184.jpg
1075,Hand_0011582.jpg
1562,Hand_0007323.jpg
1504,Hand_0007487.jpg
1556,Hand_0005867.jpg
1032,Hand_0004149.jpg
573,Hand_0008049.jpg
1066,Hand_0004488.jpg
509,Hand_0007104.jpg
66,Hand_0010026.jpg
61,Hand_0000826.jpg
1562,Hand_0007315.jpg
506,Hand_0010533.jpg
1558,Hand_0005006.jpg
1050,Hand_0002082.jpg
1033,Hand_0004584.jpg
1088,Hand_0011195.jpg
1536,Hand_0011273.jpg
1533,Hand_0002522.jpg
1021,Hand_0005112.jpg
25,Hand_0005289.jpg
86,Hand_0002002.jpg
1594,Hand_0010426.jpg
1028,Hand_0006905.jpg
1520,Hand_0001579.jpg
596,Hand_0008973.jpg
1556,Hand_0006631.jpg
1052,Hand_0007859.jpg
1024,Hand_0002776.jpg
1090,Hand_0010715.jpg
596,Hand_0006062.jpg
1069,Hand_0001233.jpg
1075,Hand_0011560.jpg
1041,Hand_0005642.jpg
1037,Hand_0004761.jpg
8,Hand_0000541.jpg
541,Hand_0007780.jpg
1081,Hand_0001722.jpg
1059,Hand_0005172.jpg
1013,Hand_0004063.jpg
1552,Hand_0010115.jpg
53,Hand_0001090.jpg
1022,Hand_0001453.jpg
1000000,Hand_0009477.jpg
1082,Hand_0008463.jpg
1558,Hand_0004989.jpg
66,Hand_0010088.jpg
1000000,Hand_0009344.jpg
1594,Hand_0010430.jpg
28,Hand_0001014.jpg
534,Hand_0007230.jpg
1000000,Hand_0009324.jpg
2000000,Hand_0009452.jpg
1061,Hand_0005460.jpg
1589,Hand_0011730.jpg
1080,Hand_0004708.jpg
55,Hand_0000210.jpg
596,Hand_0009048.jpg
541,Hand_0009272.jpg
1058,Hand_0006492.jpg
1039,Hand_0003930.jpg
1032,Hand_0004206.jpg
1014,Hand_0008321.jpg
1093,Hand_0009932.jpg
53,Hand_0001074.jpg
1085,Hand_0010647.jpg
1039,Hand_0003973.jpg
1566,Hand_0003864.jpg
1556,Hand_0006648.jpg
1592,Hand_0000615.jpg
25,Hand_0000270.jpg
1549,Hand_0003091.jpg
1544,Hand_0003221.jpg
1558,Hand_0004958.jpg
1024,Hand_0002791.jpg
1568,Hand_0003804.jpg
1557,Hand_0005762.jpg
53,Hand_0001052.jpg
1030,Hand_0007545.jpg
571,Hand_0002651.jpg
528,Hand_0008900.jpg
1597,Hand_0007933.jpg
1588,Hand_0003019.jpg
1000000,Hand_0009337.jpg
54,Hand_0000666.jpg
1545,Hand_0002286.jpg
532,Hand_0008750.jpg
1589,Hand_0011729.jpg
9000000,Hand_0009775.jpg
1200000,Hand_0009859.jpg
88,Hand_0010625.jpg
1539,Hand_0007890.jpg
1037,Hand_0006204.jpg
1544,Hand_0003220.jpg
1030,Hand_0007538.jpg
1587,Hand_0006779.jpg
1509,Hand_0001603.jpg
1037,Hand_0006211.jpg
1543,Hand_0007337.jpg
55,Hand_0005309.jpg
1034,Hand_0004254.jpg
1558,Hand_0005047.jpg
1024,Hand_0002814.jpg
1513,Hand_0007713.jpg
596,Hand_0009084.jpg
38,Hand_0001671.jpg
571,Hand_0010494.jpg
61,Hand_0000822.jpg
1020,Hand_0002326.jpg
539,Hand_0011063.jpg
573,Hand_0008054.jpg
596,Hand_0009017.jpg
576,Hand_0005494.jpg
541,Hand_0009151.jpg
539,Hand_0011041.jpg
1013,Hand_0004071.jpg
1079,Hand_0005815.jpg
9000000,Hand_0009807.jpg
1532,Hand_0007161.jpg
1060,Hand_0011002.jpg
1002,Hand_0003124.jpg
9000000,Hand_0009803.jpg
1515,Hand_0000309.jpg
1597,Hand_0007988.jpg
1081,Hand_0001721.jpg
1005,Hand_0011328.jpg
27,Hand_0000973.jpg
1026,Hand_0003296.jpg
595,Hand_0011397.jpg
1033,Hand_0004547.jpg
1033,Hand_0004575.jpg
1541,Hand_0008519.jpg
62,Hand_0000851.jpg
1547,Hand_0006082.jpg
1556,Hand_0006649.jpg
1037,Hand_0006171.jpg
6000000,Hand_0011057.jpg
1082,Hand_0008484.jpg
1560,Hand_0006551.jpg
581,Hand_0008659.jpg
1013,Hand_0004109.jpg
552,Hand_0008123.jpg
1050,Hand_0004828.jpg
1020,Hand_0002351.jpg
1000000,Hand_0009327.jpg
1033,Hand_0004617.jpg
1544,Hand_0003249.jpg
1535,Hand_0001128.jpg
1073,Hand_0000783.jpg
1569,Hand_0004710.jpg
57,Hand_0000895.jpg
64,Hand_0001179.jpg
1588,Hand_0002997.jpg
23,Hand_0010262.jpg
541,Hand_0009145.jpg
1505,Hand_0002995.jpg
573,Hand_0008012.jpg
1539,Hand_0007911.jpg
1050,Hand_0002085.jpg
1552,Hand_0010126.jpg
1081,Hand_0000322.jpg
534,Hand_0007242.jpg
1556,Hand_0005873.jpg
1515,Hand_0000314.jpg
543,Hand_0001929.jpg
0,Hand_0000060.jpg
1556,Hand_0006679.jpg
1557,Hand_0005767.jpg
1587,Hand_0006746.jpg
1567,Hand_0003751.jpg
1567,Hand_0003753.jpg
1566,Hand_0003872.jpg
573,Hand_0008052.jpg
1019,Hand_0008601.jpg
1553,Hand_0006467.jpg
13,Hand_0000513.jpg
1519,Hand_0001696.jpg
1547,Hand_0006085.jpg
1032,Hand_0004172.jpg
0,Hand_0000028.jpg
1037,Hand_0004747.jpg
1000000,Hand_0009413.jpg
1000000,Hand_0009329.jpg
1073,Hand_0000428.jpg
67,Hand_0001871.jpg
1587,Hand_0006804.jpg
1059,Hand_0005194.jpg
1023,Hand_0000713.jpg
4000000,Hand_0009564.jpg
1082,Hand_0008460.jpg
1020,Hand_0002371.jpg
573,Hand_0008051.jpg
586,Hand_0006006.jpg
1504,Hand_0007452.jpg
55,Hand_0005354.jpg
8,Hand_0000252.jpg
1568,Hand_0003826.jpg
6000000,Hand_0009656.jpg
528,Hand_0008926.jpg
534,Hand_0007196.jpg
1588,Hand_0003025.jpg
1519,Hand_0001708.jpg
1557,Hand_0005775.jpg
1200000,Hand_0009883.jpg
1023,Hand_0000723.jpg
1029,Hand_0009205.jpg
574,Hand_0002095.jpg
81,Hand_0000378.jpg
88,Hand_0010481.jpg
1050,Hand_0004833.jpg
1535,Hand_0001137.jpg
1535,Hand_0001138.jpg
1513,Hand_0007676.jpg
1589,Hand_0011732.jpg
1089,Hand_0010859.jpg
1075,Hand_0011562.jpg
1066,Hand_0004479.jpg
1533,Hand_0002580.jpg
1061,Hand_0005455.jpg
1573,Hand_0008442.jpg
1032,Hand_0004133.jpg
13,Hand_0000509.jpg
596,Hand_0006068.jpg
501,Hand_0008248.jpg
539,Hand_0011081.jpg
528,Hand_0008884.jpg
67,Hand_0001802.jpg
1529,Hand_0005716.jpg
1024,Hand_0002795.jpg
1000000,Hand_0009490.jpg
1527,Hand_0002910.jpg
54,Hand_0000292.jpg
1023,Hand_0001362.jpg
1082,Hand_0008495.jpg
67,Hand_0001887.jpg
1568,Hand_0003781.jpg
586,Hand_0005970.jpg
1533,Hand_0002523.jpg
54,Hand_0000699.jpg
1008,Hand_0001245.jpg
1000000,Hand_0009402.jpg
1540,Hand_0002691.jpg
596,Hand_0009028.jpg
1021,Hand_0007391.jpg
1019,Hand_0003182.jpg
3000000,Hand_0009543.jpg
1566,Hand_0003900.jpg
1579,Hand_0008838.jpg
1559,Hand_0006267.jpg
1517,Hand_0001731.jpg
62,Hand_0000847.jpg
1035,Hand_0004376.jpg
88,Hand_0011580.jpg
1597,Hand_0007971.jpg
1000000,Hand_0009474.jpg
9000000,Hand_0009810.jpg
1034,Hand_0004293.jpg
1541,Hand_0008565.jpg
541,Hand_0009237.jpg
1089,Hand_0010843.jpg
1543,Hand_0002896.jpg
1541,Hand_0003391.jpg
38,Hand_0001643.jpg
1011,Hand_0011168.jpg
1541,Hand_0008559.jpg
1525,Hand_0010207.jpg
1023,Hand_0000603.jpg
1562,Hand_0007284.jpg
1558,Hand_0005036.jpg
1021,Hand_0005738.jpg
581,Hand_0008689.jpg
1023,Hand_0001165.jpg
1024,Hand_0002785.jpg
23,Hand_0010284.jpg
506,Hand_0010540.jpg
1035,Hand_0004314.jpg
571,Hand_0009736.jpg
1021,Hand_0007371.jpg
1544,Hand_0003225.jpg
1066,Hand_0004495.jpg
88,Hand_0011187.jpg
1018,Hand_0003454.jpg
1558,Hand_0005089.jpg
1033,Hand_0004631.jpg
57,Hand_0000908.jpg
1024,Hand_0002768.jpg
12,Hand_0006375.jpg
1513,Hand_0007659.jpg
596,Hand_0006066.jpg
11,Hand_0000547.jpg
1033,Hand_0004645.jpg
1559,Hand_0006293.jpg
1541,Hand_0003355.jpg
1093,Hand_0009892.jpg
1042,Hand_0005400.jpg
588,Hand_0005852.jpg
86,Hand_0002025.jpg
1039,Hand_0003939.jpg
1517,Hand_0001564.jpg
1200000,Hand_0009877.jpg
1050,Hand_0004856.jpg
1562,Hand_0007312.jpg
1034,Hand_0004290.jpg
1035,Hand_0004388.jpg
1020,Hand_0002357.jpg
1050,Hand_0002559.jpg
546,Hand_0008334.jpg
507,Hand_0010161.jpg
1543,Hand_0007361.jpg
1505,Hand_0002958.jpg
528,Hand_0008895.jpg
1037,Hand_0002952.jpg
1510,Hand_0006591.jpg
1533,Hand_0002600.jpg
1532,Hand_0007122.jpg
84,Hand_0010356.jpg
1533,Hand_0002521.jpg
1541,Hand_0008523.jpg
88,Hand_0010581.jpg
1510,Hand_0006624.jpg
1543,Hand_0000765.jpg
27,Hand_0000974.jpg
1034,Hand_0004283.jpg
538,Hand_0009128.jpg
1579,Hand_0008142.jpg
1545,Hand_0002283.jpg
1024,Hand_0008187.jpg
54,Hand_0000288.jpg
1008,Hand_0001279.jpg
1050,Hand_0004803.jpg
1566,Hand_0003896.jpg
1090,Hand_0010793.jpg
587,Hand_0002926.jpg
1081,Hand_0000328.jpg
1029,Hand_0006811.jpg
1033,Hand_0000637.jpg
1013,Hand_0004118.jpg
1000000,Hand_0009415.jpg
529,Hand_0000958.jpg
1549,Hand_0003069.jpg
57,Hand_0000899.jpg
541,Hand_0009296.jpg
1100000,Hand_0009829.jpg
1029,Hand_0006859.jpg
1024,Hand_0008182.jpg
1088,Hand_0011206.jpg
1593,Hand_0000648.jpg
596,Hand_0009054.jpg
1059,Hand_0005181.jpg
1067,Hand_0005569.jpg
1021,Hand_0005135.jpg
12,Hand_0006336.jpg
84,Hand_0010319.jpg
1002,Hand_0003135.jpg
1024,Hand_0002839.jpg
1009,Hand_0009209.jpg
1032,Hand_0004171.jpg
88,Hand_0010573.jpg
1050,Hand_0004778.jpg
1066,Hand_0004497.jpg
1066,Hand_0004466.jpg
1533,Hand_0002563.jpg
8000000,Hand_0009712.jpg
1067,Hand_0005618.jpg
1539,Hand_0005834.jpg
518,Hand_0010435.jpg
1513,Hand_0007712.jpg
1517,Hand_0001751.jpg
1536,Hand_0011245.jpg
1075,Hand_0011524.jpg
1030,Hand_0007512.jpg
1020,Hand_0002320.jpg
1543,Hand_0002874.jpg
1011,Hand_0011111.jpg
0,Hand_0000058.jpg
55,Hand_0005347.jpg
1553,Hand_0006446.jpg
1531,Hand_0011382.jpg
1050,Hand_0004829.jpg
1513,Hand_0007657.jpg
552,Hand_0008093.jpg
1020,Hand_0002406.jpg
588,Hand_0005837.jpg
1510,Hand_0006596.jpg
1556,Hand_0006710.jpg
0,Hand_0010005.jpg
1533,Hand_0002567.jpg
81,Hand_0000387.jpg
1587,Hand_0006744.jpg
1030,Hand_0007627.jpg
1050,Hand_0004940.jpg
1556,Hand_0006703.jpg
1564,Hand_0003595.jpg
84,Hand_0010351.jpg
1060,Hand_0011025.jpg
1060,Hand_0010961.jpg
1059,Hand_0005186.jpg
1032,Hand_0004151.jpg
1043,Hand_0009166.jpg
596,Hand_0009058.jpg
1080,Hand_0004733.jpg
1536,Hand_0011269.jpg
1000000,Hand_0009314.jpg
67,Hand_0001878.jpg
1018,Hand_0003430.jpg
25,Hand_0005284.jpg
574,Hand_0002118.jpg
1562,Hand_0007304.jpg
1558,Hand_0004979.jpg
88,Hand_0010628.jpg
12,Hand_0006398.jpg
1589,Hand_0011744.jpg
1028,Hand_0006918.jpg
1568,Hand_0003809.jpg
1533,Hand_0002589.jpg
587,Hand_0005925.jpg
1020,Hand_0002419.jpg
546,Hand_0008344.jpg
1020,Hand_0002407.jpg
1019,Hand_0003175.jpg
1513,Hand_0007660.jpg
88,Hand_0010458.jpg
1028,Hand_0000893.jpg
1537,Hand_0002481.jpg
596,Hand_0009088.jpg
528,Hand_0008850.jpg
588,Hand_0005854.jpg
55,Hand_0005311.jpg
1051,Hand_0006965.jpg
1518,Hand_0001789.jpg
92,Hand_0011601.jpg
1079,Hand_0005817.jpg
1569,Hand_0007086.jpg
1558,Hand_0005069.jpg
1513,Hand_0007711.jpg
1090,Hand_0010776.jpg
1034,Hand_0004271.jpg
587,Hand_0005910.jpg
528,Hand_0008878.jpg
1513,Hand_0007632.jpg
1547,Hand_0006111.jpg
596,Hand_0009096.jpg
524,Hand_0010932.jpg
1035,Hand_0004392.jpg
1011,Hand_0011165.jpg
6000000,Hand_0009644.jpg
1011,Hand_0011141.jpg
1023,Hand_0000834.jpg
525,Hand_0002153.jpg
1036,Hand_0003492.jpg
1028,Hand_0006899.jpg
1067,Hand_0005589.jpg
1066,Hand_0004456.jpg
596,Hand_0008835.jpg
1019,Hand_0008622.jpg
588,Hand_0005860.jpg
1011,Hand_0011164.jpg
1537,Hand_0002461.jpg
1075,Hand_0011551.jpg
1032,Hand_0004203.jpg
67,Hand_0001860.jpg
1000000,Hand_0009436.jpg
1019,Hand_0003146.jpg
1036,Hand_0003488.jpg
1536,Hand_0011232.jpg
1588,Hand_0003006.jpg
1547,Hand_0006119.jpg
1562,Hand_0007295.jpg
1505,Hand_0002965.jpg
504,Hand_0001619.jpg
518,Hand_0010475.jpg
55,Hand_0000217.jpg
546,Hand_0008348.jpg
1566,Hand_0003922.jpg
1005,Hand_0011279.jpg
594,Hand_0000167.jpg
1030,Hand_0007532.jpg
1564,Hand_0003617.jpg
3000000,Hand_0009542.jpg
54,Hand_0000305.jpg
1513,Hand_0009179.jpg
534,Hand_0007259.jpg
571,Hand_0002646.jpg
1557,Hand_0005753.jpg
571,Hand_0009729.jpg
581,Hand_0008674.jpg
1021,Hand_0005108.jpg
63,Hand_0000578.jpg
67,Hand_0001792.jpg
1566,Hand_0003837.jpg
595,Hand_0011433.jpg
93,Hand_0008745.jpg
539,Hand_0011042.jpg
541,Hand_0007745.jpg
25,Hand_0000645.jpg
65,Hand_0000123.jpg
1024,Hand_0008210.jpg
84,Hand_0010322.jpg
528,Hand_0008954.jpg
1066,Hand_0004502.jpg
1013,Hand_0004039.jpg
541,Hand_0007797.jpg
546,Hand_0008376.jpg
1008,Hand_0001276.jpg
1033,Hand_0004634.jpg
1052,Hand_0007819.jpg
1032,Hand_0004198.jpg
1066,Hand_0006145.jpg
1061,Hand_0005448.jpg
25,Hand_0000267.jpg
524,Hand_0010949.jpg
1532,Hand_0007112.jpg
57,Hand_0000890.jpg
502,Hand_0008800.jpg
509,Hand_0007081.jpg
1566,Hand_0003924.jpg
1066,Hand_0004432.jpg
528,Hand_0008883.jpg
596,Hand_0009052.jpg
1042,Hand_0005370.jpg
1547,Hand_0006148.jpg
1540,Hand_0002617.jpg
1046,Hand_0008392.jpg
23,Hand_0010282.jpg
1041,Hand_0005640.jpg
1028,Hand_0006932.jpg
1066,Hand_0004474.jpg
1035,Hand_0004341.jpg
1073,Hand_0000401.jpg
1545,Hand_0002292.jpg
1024,Hand_0008229.jpg
1560,Hand_0006550.jpg
1535,Hand_0001140.jpg
586,Hand_0006009.jpg
1059,Hand_0005180.jpg
66,Hand_0010056.jpg
1046,Hand_0008389.jpg
1533,Hand_0002530.jpg
1564,Hand_0003619.jpg
1022,Hand_0001457.jpg
1023,Hand_0000830.jpg
55,Hand_0002241.jpg
92,Hand_0011622.jpg
1504,Hand_0007499.jpg
1066,Hand_0004492.jpg
1066,Hand_0004457.jpg
1028,Hand_0006928.jpg
1549,Hand_0003086.jpg
1547,Hand_0006125.jpg
541,Hand_0009270.jpg
1090,Hand_0010794.jpg
1059,Hand_0005205.jpg
1058,Hand_0006511.jpg
1030,Hand_0007607.jpg
1066,Hand_0004427.jpg
1067,Hand_0005576.jpg
1030,Hand_0007616.jpg
1075,Hand_0011526.jpg
529,Hand_0000938.jpg
1549,Hand_0005696.jpg
88,Hand_0010463.jpg
1011,Hand_0011142.jpg
1035,Hand_0004368.jpg
1024,Hand_0002827.jpg
574,Hand_0002119.jpg
1505,Hand_0002985.jpg
1013,Hand_0004066.jpg
5000000,Hand_0009621.jpg
5000000,Hand_0009586.jpg
1081,Hand_0001472.jpg
1013,Hand_0004055.jpg
1085,Hand_0010683.jpg
1529,Hand_0005699.jpg
541,Hand_0007732.jpg
1506,Hand_0001541.jpg
1035,Hand_0004387.jpg
571,Hand_0010517.jpg
1564,Hand_0003613.jpg
1061,Hand_0005457.jpg
1030,Hand_0007573.jpg
81,Hand_0000396.jpg
1088,Hand_0011183.jpg
529,Hand_0000953.jpg
63,Hand_0000564.jpg
596,Hand_0009038.jpg
1035,Hand_0004377.jpg
1013,Hand_0004086.jpg
45,Hand_0001144.jpg
1014,Hand_0008310.jpg
84,Hand_0010348.jpg
1021,Hand_0005151.jpg
1036,Hand_0003500.jpg
539,Hand_0011079.jpg
506,Hand_0011222.jpg
1081,Hand_0000333.jpg
1039,Hand_0004022.jpg
4000000,Hand_0009567.jpg
1039,Hand_0003998.jpg
7000000,Hand_0009701.jpg
1035,Hand_0004405.jpg
581,Hand_0008652.jpg
594,Hand_0000159.jpg
1035,Hand_0004328.jpg
1552,Hand_0010106.jpg
573,Hand_0008027.jpg
1050,Hand_0004804.jpg
1000000,Hand_0009350.jpg
1587,Hand_0006786.jpg
25,Hand_0005278.jpg
1541,Hand_0003384.jpg
67,Hand_0001842.jpg
9000000,Hand_0009805.jpg
92,Hand_0011637.jpg
1579,Hand_0008841.jpg
1024,Hand_0002787.jpg
1513,Hand_0007661.jpg
1529,Hand_0005674.jpg
1562,Hand_0007306.jpg
572,Hand_0000624.jpg
1550,Hand_0010879.jpg
25,Hand_0005261.jpg
1066,Hand_0004453.jpg
92,Hand_0011627.jpg
1082,Hand_0008508.jpg
1541,Hand_0008517.jpg
1553,Hand_0006452.jpg
528,Hand_0008899.jpg
1504,Hand_0007451.jpg
509,Hand_0007058.jpg
65,Hand_0000124.jpg
1090,Hand_0010702.jpg
1562,Hand_0007310.jpg
1050,Hand_0004929.jpg
1037,Hand_0004758.jpg
54,Hand_0000296.jpg
81,Hand_0000384.jpg
1093,Hand_0009915.jpg
1020,Hand_0002301.jpg
1050,Hand_0004947.jpg
1043,Hand_0009174.jpg
19,Hand_0000484.jpg
1200000,Hand_0009882.jpg
1073,Hand_0000405.jpg
546,Hand_0003259.jpg
1050,Hand_0004865.jpg
1537,Hand_0002448.jpg
1060,Hand_0010994.jpg
1066,Hand_0004470.jpg
586,Hand_0006021.jpg
1046,Hand_0008383.jpg
1019,Hand_0003210.jpg
92,Hand_0011600.jpg
1571,Hand_0003554.jpg
1042,Hand_0005410.jpg
1002,Hand_0003102.jpg
1571,Hand_0003546.jpg
1560,Hand_0006537.jpg
572,Hand_0000619.jpg
509,Hand_0007048.jpg
1556,Hand_0006687.jpg
528,Hand_0008963.jpg
570,Hand_0000779.jpg
1013,Hand_0004044.jpg
1058,Hand_0006477.jpg
587,Hand_0005930.jpg
1019,Hand_0008602.jpg
1008,Hand_0001280.jpg
10,Hand_0001284.jpg
1005,Hand_0011321.jpg
28,Hand_0001024.jpg
1030,Hand_0007606.jpg
1041,Hand_0005652.jpg
1011,Hand_0011156.jpg
541,Hand_0007729.jpg
1066,Hand_0004514.jpg
1568,Hand_0003808.jpg
1037,Hand_0004743.jpg
88,Hand_0010604.jpg
528,Hand_0008916.jpg
1556,Hand_0006638.jpg
88,Hand_0010594.jpg
1562,Hand_0007297.jpg
1571,Hand_0003562.jpg
1002,Hand_0003105.jpg
92,Hand_0011671.jpg
64,Hand_0001260.jpg
507,Hand_0010158.jpg
1597,Hand_0007941.jpg
1051,Hand_0007001.jpg
1028,Hand_0006943.jpg
501,Hand_0008280.jpg
1082,Hand_0008479.jpg
1568,Hand_0003775.jpg
1032,Hand_0004176.jpg
1557,Hand_0005777.jpg
1588,Hand_0003024.jpg
1067,Hand_0005571.jpg
1558,Hand_0005015.jpg
1024,Hand_0002733.jpg
1539,Hand_0007901.jpg
571,Hand_0009727.jpg
1075,Hand_0011548.jpg
92,Hand_0011614.jpg
595,Hand_0011431.jpg
1019,Hand_0003193.jpg
546,Hand_0003262.jpg
1009,Hand_0009193.jpg
541,Hand_0009253.jpg
1037,Hand_0006220.jpg
1024,Hand_0002842.jpg
3000000,Hand_0009523.jpg
1024,Hand_0008237.jpg
1079,Hand_0005827.jpg
596,Hand_0009086.jpg
1014,Hand_0008318.jpg
507,Hand_0010168.jpg
25,Hand_0000268.jpg
1035,Hand_0004359.jpg
1034,Hand_0004269.jpg
1035,Hand_0004412.jpg
1019,Hand_0003207.jpg
1033,Hand_0004664.jpg
1003,Hand_0011458.jpg
501,Hand_0008278.jpg
67,Hand_0001879.jpg
1589,Hand_0011689.jpg
506,Hand_0010560.jpg
19,Hand_0000447.jpg
1050,Hand_0004881.jpg
1023,Hand_0000740.jpg
1589,Hand_0011724.jpg
1067,Hand_0005564.jpg
528,Hand_0008894.jpg
1032,Hand_0004146.jpg
586,Hand_0006002.jpg
1556,Hand_0006695.jpg
1024,Hand_0002840.jpg
1058,Hand_0006485.jpg
10,Hand_0001321.jpg
532,Hand_0008584.jpg
1503,Hand_0001917.jpg
1066,Hand_0004507.jpg
1041,Hand_0005636.jpg
8000000,Hand_0009749.jpg
1021,Hand_0007403.jpg
1546,Hand_0007447.jpg
1520,Hand_0001820.jpg
53,Hand_0001057.jpg
1547,Hand_0006131.jpg
1069,Hand_0001222.jpg
38,Hand_0001645.jpg
1085,Hand_0010684.jpg
1504,Hand_0007509.jpg
534,Hand_0007209.jpg
1014,Hand_0008329.jpg
596,Hand_0006143.jpg
1090,Hand_0010791.jpg
92,Hand_0011655.jpg
1033,Hand_0004649.jpg
1556,Hand_0006651.jpg
501,Hand_0008266.jpg
1503,Hand_0001913.jpg
1035,Hand_0004313.jpg
541,Hand_0007755.jpg
538,Hand_0009127.jpg
507,Hand_0010144.jpg
1019,Hand_0003200.jpg
581,Hand_0008662.jpg
1558,Hand_0004997.jpg
1558,Hand_0005071.jpg
1518,Hand_0001758.jpg
1541,Hand_0003334.jpg
543,Hand_0001926.jpg
1042,Hand_0005403.jpg
1547,Hand_0003621.jpg
1543,Hand_0007411.jpg
541,Hand_0009236.jpg
1517,Hand_0001748.jpg
1075,Hand_0011516.jpg
1537,Hand_0002449.jpg
1560,Hand_0006574.jpg
1018,Hand_0003442.jpg
1541,Hand_0008509.jpg
2000000,Hand_0009450.jpg
596,Hand_0009053.jpg
84,Hand_0010324.jpg
1558,Hand_0005038.jpg
1557,Hand_0005780.jpg
7000000,Hand_0009702.jpg
1042,Hand_0005413.jpg
1569,Hand_0003702.jpg
1035,Hand_0004346.jpg
66,Hand_0010092.jpg
1005,Hand_0011282.jpg
1061,Hand_0005449.jpg
1032,Hand_0004159.jpg
541,Hand_0009238.jpg
1544,Hand_0003167.jpg
1558,Hand_0005078.jpg
1559,Hand_0006290.jpg
25,Hand_0005275.jpg
81,Hand_0000393.jpg
23,Hand_0010294.jpg
1569,Hand_0003672.jpg
1533,Hand_0002583.jpg
1579,Hand_0009508.jpg
1002,Hand_0003098.jpg
5000000,Hand_0009619.jpg
1558,Hand_0005031.jpg
1090,Hand_0010790.jpg
1050,Hand_0004858.jpg
1075,Hand_0011501.jpg
1050,Hand_0004776.jpg
1543,Hand_0002897.jpg
1033,Hand_0004564.jpg
1545,Hand_0002216.jpg
1005,Hand_0011295.jpg
1531,Hand_0011385.jpg
594,Hand_0001691.jpg
1080,Hand_0004744.jpg
1562,Hand_0007325.jpg
92,Hand_0011663.jpg
573,Hand_0008009.jpg
1090,Hand_0010731.jpg
1541,Hand_0003388.jpg
1000000,Hand_0009352.jpg
1564,Hand_0003647.jpg
1021,Hand_0005695.jpg
1039,Hand_0004031.jpg
54,Hand_0000664.jpg
1067,Hand_0005548.jpg
1060,Hand_0011035.jpg
1558,Hand_0005010.jpg
595,Hand_0011405.jpg
1002,Hand_0003095.jpg
1023,Hand_0001558.jpg
1037,Hand_0005562.jpg
1037,Hand_0006253.jpg
1532,Hand_0007114.jpg
1021,Hand_0006764.jpg
3000000,Hand_0009499.jpg
1579,Hand_0008819.jpg
1100000,Hand_0009852.jpg
1528,Hand_0001567.jpg
1571,Hand_0003587.jpg
1589,Hand_0011735.jpg
1539,Hand_0007896.jpg
1525,Hand_0010208.jpg
1030,Hand_0007610.jpg
1058,Hand_0006502.jpg
538,Hand_0009135.jpg
1013,Hand_0004042.jpg
576,Hand_0005527.jpg
25,Hand_0001704.jpg
1539,Hand_0007871.jpg
3000000,Hand_0009544.jpg
546,Hand_0003274.jpg
1504,Hand_0007501.jpg
1000000,Hand_0009393.jpg
1088,Hand_0011189.jpg
1545,Hand_0002244.jpg
1549,Hand_0003049.jpg
596,Hand_0008986.jpg
1587,Hand_0006750.jpg
92,Hand_0009640.jpg
502,Hand_0008804.jpg
1597,Hand_0007938.jpg
1033,Hand_0004572.jpg
1023,Hand_0001166.jpg
1058,Hand_0006517.jpg
1557,Hand_0005754.jpg
1597,Hand_0007984.jpg
1527,Hand_0002939.jpg
1533,Hand_0002593.jpg
1014,Hand_0008324.jpg
1032,Hand_0004215.jpg
528,Hand_0008956.jpg
1558,Hand_0008325.jpg
88,Hand_0011577.jpg
1082,Hand_0008491.jpg
1035,Hand_0004327.jpg
1566,Hand_0003874.jpg
594,Hand_0000080.jpg
0,Hand_0000076.jpg
1566,Hand_0004125.jpg
1558,Hand_0005090.jpg
1029,Hand_0006819.jpg
571,Hand_0010796.jpg
1506,Hand_0001563.jpg
28,Hand_0001041.jpg
55,Hand_0005325.jpg
55,Hand_0001521.jpg
1100000,Hand_0009840.jpg
1540,Hand_0002676.jpg
55,Hand_0000219.jpg
93,Hand_0008729.jpg
1014,Hand_0008294.jpg
1085,Hand_0010668.jpg
1543,Hand_0002881.jpg
1080,Hand_0004736.jpg
1568,Hand_0003805.jpg
54,Hand_0000186.jpg
1553,Hand_0006438.jpg
1513,Hand_0007631.jpg
1543,Hand_0007351.jpg
1547,Hand_0006134.jpg
529,Hand_0000954.jpg
1067,Hand_0005567.jpg
1073,Hand_0000408.jpg
541,Hand_0009298.jpg
1051,Hand_0007017.jpg
1558,Hand_0004983.jpg
1024,Hand_0002836.jpg
1543,Hand_0007395.jpg
1533,Hand_0002503.jpg
1067,Hand_0005573.jpg
53,Hand_0001051.jpg
41,Hand_0001411.jpg
541,Hand_0009234.jpg
1009,Hand_0009181.jpg
1081,Hand_0001469.jpg
1528,Hand_0001581.jpg
53,Hand_0001065.jpg
1046,Hand_0008406.jpg
1022,Hand_0001450.jpg
541,Hand_0009250.jpg
1024,Hand_0002764.jpg
1082,Hand_0008498.jpg
1513,Hand_0007674.jpg
1539,Hand_0007897.jpg
1510,Hand_0006607.jpg
1545,Hand_0002277.jpg
1050,Hand_0004771.jpg
1589,Hand_0011713.jpg
1525,Hand_0009928.jpg
1537,Hand_0002493.jpg
1545,Hand_0002273.jpg
1543,Hand_0007396.jpg
1556,Hand_0006659.jpg
66,Hand_0010057.jpg
1034,Hand_0004251.jpg
1588,Hand_0003045.jpg
1549,Hand_0003064.jpg
1079,Hand_0005791.jpg
587,Hand_0005896.jpg
1566,Hand_0003862.jpg
1090,Hand_0010725.jpg
9000000,Hand_0009791.jpg
1042,Hand_0005420.jpg
4000000,Hand_0009571.jpg
84,Hand_0010342.jpg
1549,Hand_0003087.jpg
4,Hand_0000698.jpg
1005,Hand_0011320.jpg
1042,Hand_0005386.jpg
538,Hand_0009121.jpg
1046,Hand_0008407.jpg
574,Hand_0002131.jpg
596,Hand_0009094.jpg
1559,Hand_0006330.jpg
88,Hand_0010608.jpg
1079,Hand_0005823.jpg
8000000,Hand_0009751.jpg
1021,Hand_0005102.jpg
1556,Hand_0006706.jpg
55,Hand_0005328.jpg
573,Hand_0008008.jpg
1547,Hand_0006083.jpg
573,Hand_0008022.jpg
588,Hand_0005862.jpg
581,Hand_0008658.jpg
1545,Hand_0002227.jpg
1011,Hand_0011117.jpg
502,Hand_0008828.jpg
1556,Hand_0006647.jpg
1033,Hand_0004535.jpg
9000000,Hand_0009782.jpg
541,Hand_0009149.jpg
1090,Hand_0010727.jpg
1018,Hand_0003398.jpg
1034,Hand_0004218.jpg
1090,Hand_0010785.jpg
55,Hand_0005321.jpg
1503,Hand_0001911.jpg
61,Hand_0000813.jpg
5000000,Hand_0009590.jpg
92,Hand_0011665.jpg
1051,Hand_0007026.jpg
1039,Hand_0003931.jpg
55,Hand_0005334.jpg
1024,Hand_0002751.jpg
1013,Hand_0004098.jpg
1067,Hand_0005577.jpg
88,Hand_0010605.jpg
1022,Hand_0001424.jpg
574,Hand_0002120.jpg
1533,Hand_0002579.jpg
1090,Hand_0010706.jpg
9000000,Hand_0009767.jpg
8,Hand_0000539.jpg
1588,Hand_0002996.jpg
1024,Hand_0002730.jpg
1002,Hand_0003107.jpg
1059,Hand_0005187.jpg
596,Hand_0008990.jpg
538,Hand_0003305.jpg
2000000,Hand_0009444.jpg
1589,Hand_0011693.jpg
1050,Hand_0004796.jpg
57,Hand_0000915.jpg
518,Hand_0010478.jpg
559,Hand_0000106.jpg
1024,Hand_0008193.jpg
1000000,Hand_0009407.jpg
1067,Hand_0005596.jpg
1558,Hand_0005046.jpg
2000000,Hand_0009473.jpg
1573,Hand_0008424.jpg
1037,Hand_0006194.jpg
1541,Hand_0008533.jpg
1066,Hand_0004424.jpg
1533,Hand_0002528.jpg
1541,Hand_0008582.jpg
1528,Hand_0001602.jpg
88,Hand_0010465.jpg
1033,Hand_0004605.jpg
1556,Hand_0006663.jpg
1039,Hand_0003999.jpg
1034,Hand_0004256.jpg
573,Hand_0008025.jpg
1562,Hand_0007327.jpg
1050,Hand_0004817.jpg
546,Hand_0003286.jpg
532,Hand_0008748.jpg
0,Hand_0000077.jpg
54,Hand_0000304.jpg
1058,Hand_0006516.jpg
1019,Hand_0003183.jpg
1034,Hand_0004282.jpg
1510,Hand_0006589.jpg
596,Hand_0008995.jpg
504,Hand_0001622.jpg
1026,Hand_0003324.jpg
1587,Hand_0006780.jpg
1050,Hand_0002083.jpg
587,Hand_0001799.jpg
67,Hand_0001840.jpg
57,Hand_0000885.jpg
1029,Hand_0006851.jpg
1014,Hand_0008309.jpg
1060,Hand_0011031.jpg
66,Hand_0010079.jpg
1033,Hand_0004563.jpg
1020,Hand_0002349.jpg
1036,Hand_0003512.jpg
1024,Hand_0002749.jpg
1527,Hand_0002903.jpg
1200000,Hand_0009855.jpg
1008,Hand_0001253.jpg
1588,Hand_0003031.jpg
1090,Hand_0010744.jpg
1059,Hand_0005176.jpg
66,Hand_0010020.jpg
93,Hand_0008704.jpg
88,Hand_0010611.jpg
571,Hand_0010522.jpg
507,Hand_0010136.jpg
1058,Hand_0006480.jpg
534,Hand_0007195.jpg
27,Hand_0000989.jpg
1033,Hand_0004531.jpg
92,Hand_0011646.jpg
1547,Hand_0006109.jpg
1517,Hand_0001733.jpg
1029,Hand_0006876.jpg
1587,Hand_0006725.jpg
3000000,Hand_0009539.jpg
1066,Hand_0006157.jpg
1543,Hand_0002875.jpg
1066,Hand_0004504.jpg
1032,Hand_0004155.jpg
12,Hand_0006381.jpg
1513,Hand_0007694.jpg
1034,Hand_0004291.jpg
1546,Hand_0007449.jpg
1050,Hand_0004824.jpg
581,Hand_0008650.jpg
505,Hand_0000142.jpg
505,Hand_0000135.jpg
1000000,Hand_0011389.jpg
573,Hand_0008011.jpg
1035,Hand_0004413.jpg
1020,Hand_0002420.jpg
1559,Hand_0006333.jpg
576,Hand_0005493.jpg
1556,Hand_0006692.jpg
1013,Hand_0004076.jpg
1037,Hand_0002907.jpg
1569,Hand_0003707.jpg
1000000,Hand_0009400.jpg
1050,Hand_0004939.jpg
1589,Hand_0011698.jpg
524,Hand_0010939.jpg
1569,Hand_0003688.jpg
27,Hand_0001008.jpg
1573,Hand_0008437.jpg
1559,Hand_0006324.jpg
1540,Hand_0002641.jpg
1593,Hand_0000647.jpg
28,Hand_0001015.jpg
0,Hand_0000033.jpg
1093,Hand_0009903.jpg
1066,Hand_0006156.jpg
1557,Hand_0005746.jpg
1545,Hand_0002217.jpg
541,Hand_0009265.jpg
1023,Hand_0000604.jpg
587,Hand_0005923.jpg
528,Hand_0008866.jpg
1050,Hand_0004907.jpg
1579,Hand_0001945.jpg
1504,Hand_0007478.jpg
1023,Hand_0000148.jpg
1546,Hand_0007413.jpg
541,Hand_0007743.jpg
581,Hand_0008665.jpg
1564,Hand_0003639.jpg
84,Hand_0010303.jpg
0,Hand_0000023.jpg
1510,Hand_0006614.jpg
1513,Hand_0007717.jpg
1539,Hand_0007910.jpg
586,Hand_0005968.jpg
1034,Hand_0001650.jpg
507,Hand_0010192.jpg
1543,Hand_0002892.jpg
1024,Hand_0002824.jpg
54,Hand_0001530.jpg
1506,Hand_0001560.jpg
55,Hand_0005318.jpg
1520,Hand_0001804.jpg
1070,Hand_0001976.jpg
1510,Hand_0006615.jpg
1513,Hand_0007680.jpg
1042,Hand_0005408.jpg
1088,Hand_0011201.jpg
1543,Hand_0007360.jpg
1556,Hand_0006719.jpg
1041,Hand_0005643.jpg
1545,Hand_0002215.jpg
93,Hand_0008725.jpg
1556,Hand_0006685.jpg
596,Hand_0009031.jpg
7000000,Hand_0009669.jpg
538,Hand_0009111.jpg
1557,Hand_0005758.jpg
8000000,Hand_0009758.jpg
1046,Hand_0008360.jpg
1568,Hand_0003785.jpg
1594,Hand_0010418.jpg
1000000,Hand_0009336.jpg
1003,Hand_0011469.jpg
1536,Hand_0011238.jpg
1513,Hand_0007649.jpg
1566,Hand_0003891.jpg
1558,Hand_0005012.jpg
1058,Hand_0006530.jpg
1597,Hand_0007940.jpg
1081,Hand_0000325.jpg
534,Hand_0007247.jpg
1547,Hand_0006122.jpg
552,Hand_0008087.jpg
1535,Hand_0001091.jpg
1568,Hand_0005858.jpg
1540,Hand_0002658.jpg
1089,Hand_0010831.jpg
63,Hand_0000562.jpg
1033,Hand_0004550.jpg
1568,Hand_0003817.jpg
1513,Hand_0007646.jpg
1550,Hand_0010892.jpg
1589,Hand_0011720.jpg
1067,Hand_0005560.jpg
552,Hand_0008059.jpg
1024,Hand_0002738.jpg
1564,Hand_0003606.jpg
84,Hand_0010344.jpg
1070,Hand_0001980.jpg
88,Hand_0010619.jpg
1050,Hand_0004785.jpg
1519,Hand_0001712.jpg
25,Hand_0005268.jpg
541,Hand_0007200.jpg
1039,Hand_0003940.jpg
1011,Hand_0011145.jpg
1060,Hand_0011016.jpg
1059,Hand_0005218.jpg
66,Hand_0010033.jpg
1043,Hand_0009148.jpg
1540,Hand_0002692.jpg
1036,Hand_0003497.jpg
41,Hand_0001387.jpg
1533,Hand_0002574.jpg
1082,Hand_0008455.jpg
541,Hand_0000951.jpg
1009,Hand_0009215.jpg
1019,Hand_0003214.jpg
506,Hand_0010535.jpg
571,Hand_0009801.jpg
541,Hand_0009157.jpg
1024,Hand_0002823.jpg
23,Hand_0010255.jpg
57,Hand_0000886.jpg
1506,Hand_0002101.jpg
1059,Hand_0005221.jpg
1009,Hand_0009221.jpg
0,Hand_0009991.jpg
1556,Hand_0005882.jpg
1061,Hand_0005478.jpg
1066,Hand_0004443.jpg
509,Hand_0007071.jpg
1587,Hand_0006732.jpg
570,Hand_0000797.jpg
1545,Hand_0002259.jpg
1093,Hand_0009910.jpg
1513,Hand_0007687.jpg
1028,Hand_0006921.jpg
93,Hand_0008733.jpg
25,Hand_0005276.jpg
57,Hand_0000927.jpg
1059,Hand_0005214.jpg
8,Hand_0001269.jpg
1041,Hand_0005650.jpg
1532,Hand_0007168.jpg
55,Hand_0000227.jpg
1073,Hand_0000429.jpg
1070,Hand_0001954.jpg
1550,Hand_0010913.jpg
1034,Hand_0004310.jpg
1541,Hand_0003337.jpg
1545,Hand_0002272.jpg
1533,Hand_0002592.jpg
23,Hand_0010269.jpg
1079,Hand_0005789.jpg
1533,Hand_0002531.jpg
1541,Hand_0008578.jpg
1556,Hand_0006644.jpg
574,Hand_0002123.jpg
596,Hand_0008993.jpg
1556,Hand_0006634.jpg
1085,Hand_0010663.jpg
1069,Hand_0001237.jpg
27,Hand_0000993.jpg
1075,Hand_0011505.jpg
